gender,age,occupation_code,zip,last_rate
1,0,10,2460,2001-01-07 01:39:11
0,2,15,1650,2000-12-31 23:35:04
0,4,7,936,2000-12-31 22:24:42
1,5,9,1650,2000-12-31 07:03:39
0,3,1,1156,2000-12-31 05:54:58
0,2,12,1846,2000-12-31 01:51:13
0,3,0,2145,2000-12-30 20:35:17
1,3,0,3179,2000-12-30 13:13:15
0,2,14,1511,2001-12-30 01:40:27
0,1,16,1907,2000-12-30 03:25:40
0,1,4,701,2001-01-01 23:57:45
0,2,11,2793,2000-12-30 00:48:12
1,3,7,2902,2000-12-29 22:36:23
1,2,0,1648,2000-12-29 23:47:56
1,2,9,530,2000-12-29 04:35:58
0,1,4,30,2000-12-29 01:00:02
0,4,0,2413,2000-12-29 00:09:58
1,1,4,2386,2000-12-29 00:13:02
0,2,12,2663,2000-12-28 20:05:08
0,1,19,834,2000-12-28 06:58:07
0,1,4,1498,2000-12-28 06:46:14
1,2,2,3051,2000-12-28 01:55:07
1,0,10,1335,2000-12-27 22:13:31
0,1,4,592,2000-12-27 22:21:15
0,5,1,867,2000-12-27 21:21:29
1,3,12,217,2000-12-27 22:20:35
0,3,20,931,2000-12-27 19:58:47
0,1,19,2388,2000-12-27 18:55:32
0,5,1,987,2000-12-27 17:53:10
0,2,17,3182,2000-12-27 09:50:56
0,1,4,1675,2001-01-21 23:10:57
0,1,1,1804,2000-12-27 06:54:12
0,2,18,2748,2000-12-27 05:14:46
1,5,5,3047,2000-12-27 05:18:46
0,1,4,1804,2001-06-01 09:16:59
1,2,1,3387,2000-12-27 04:00:27
0,1,4,460,2000-12-27 02:52:28
0,2,14,1625,2000-12-27 02:14:39
1,4,0,2045,2000-12-27 00:25:38
0,3,14,1153,2001-06-24 02:35:49
0,3,7,357,2001-05-05 22:55:38
0,1,4,1966,2000-12-26 09:04:58
1,4,0,2924,2000-12-26 06:48:00
0,6,1,1244,2001-06-29 05:05:30
1,2,0,407,2000-12-26 01:24:54
1,2,2,684,2000-12-25 07:13:38
0,1,4,2961,2000-12-25 06:18:35
0,1,4,1869,2001-06-12 08:57:30
1,0,10,344,2001-02-28 02:25:53
0,2,14,1938,2000-12-25 20:19:18
1,4,1,1073,2000-12-25 00:23:38
1,6,9,633,2001-07-01 07:56:08
0,3,7,531,2000-12-24 16:04:35
0,2,17,980,2000-12-24 05:31:40
0,4,0,2201,2000-12-24 05:45:37
1,2,16,541,2001-01-27 05:14:04
1,3,7,1191,2000-12-24 03:03:43
0,3,17,2903,2000-12-23 20:09:23
0,2,12,1613,2002-03-13 23:43:01
0,4,12,1118,2000-12-23 06:06:03
1,3,11,1155,2000-12-23 03:52:44
0,2,12,1023,2000-12-23 01:33:35
0,4,15,3169,2000-12-23 01:38:16
0,2,2,2010,2000-12-22 22:03:26
0,3,15,2711,2000-12-22 21:25:12
0,2,16,1263,2000-12-22 20:12:36
0,1,12,841,2000-12-22 19:49:49
1,2,2,1459,2001-01-25 00:11:13
0,2,17,1491,2000-12-22 18:20:18
0,2,17,2325,2001-08-10 16:06:52
0,2,11,384,2000-12-30 06:18:29
0,3,7,1644,2000-12-22 06:28:42
1,1,4,1498,2001-06-25 08:18:23
0,6,7,2319,2001-03-04 19:33:35
0,4,14,459,2000-12-22 23:11:07
0,1,9,2545,2000-12-22 02:35:55
0,6,6,733,2000-12-21 23:34:58
0,2,17,1261,2000-12-21 22:09:53
0,1,4,919,2000-12-21 18:46:00
0,1,20,2236,2000-12-21 03:35:02
1,3,1,2759,2001-07-01 04:26:27
0,3,13,1997,2000-12-21 02:14:22
0,2,7,1099,2001-01-27 03:34:51
0,1,3,1286,2000-12-21 00:33:45
0,2,17,1344,2000-12-20 23:11:59
0,1,4,643,2000-12-20 22:55:41
0,1,4,1595,2000-12-20 01:37:26
0,0,10,1760,2001-03-20 04:31:17
0,5,20,1153,2000-12-19 23:14:55
0,3,12,419,2000-12-19 22:23:12
0,6,7,2038,2000-12-19 18:30:17
1,4,0,733,2001-05-16 01:49:19
0,3,7,2427,2002-03-17 18:07:52
1,6,13,1828,2002-09-01 03:14:13
1,2,11,3336,2000-12-19 01:10:54
1,5,0,1157,2000-12-19 00:05:20
0,2,11,1230,2000-12-18 23:08:50
1,5,17,446,2000-12-18 21:18:16
0,2,3,1218,2000-12-18 20:42:58
0,2,16,1003,2000-12-18 16:35:51
1,1,3,2831,2000-12-18 02:35:02
0,5,1,1242,2000-12-18 02:47:01
0,4,12,228,2001-08-12 10:28:16
0,1,4,3095,2000-12-17 22:41:32
1,2,0,1083,2002-12-04 04:55:48
0,4,0,2507,2000-12-17 17:27:32
0,6,16,654,2002-01-19 20:26:23
0,1,0,1458,2000-12-17 06:55:33
0,1,4,1643,2000-12-18 02:26:55
1,0,10,1601,2000-12-17 04:28:09
1,3,9,989,2000-12-17 00:25:40
0,1,14,3148,2000-12-17 06:57:26
1,1,4,2227,2000-12-16 11:16:42
1,3,2,1650,2002-01-13 04:56:25
0,2,17,2516,2000-12-16 01:01:40
0,2,12,1544,2000-12-15 23:59:42
0,3,1,10,2000-12-15 22:23:30
0,4,17,1605,2000-12-15 21:22:25
1,1,4,701,2000-12-15 19:14:57
0,3,14,1069,2001-01-11 03:03:18
0,1,4,1123,2000-12-15 07:05:30
0,3,14,1282,2001-05-21 20:18:04
1,2,4,1511,2000-12-15 02:04:02
1,2,0,208,2000-12-15 01:07:54
0,2,1,1585,2000-12-15 01:05:07
0,3,1,2003,2000-12-14 23:53:38
0,3,20,703,2000-12-14 23:44:43
0,2,15,1428,2001-06-21 22:08:45
0,2,3,1428,2003-01-23 06:10:45
0,2,20,2764,2000-12-14 18:56:33
1,4,20,1071,2000-12-14 13:56:32
0,3,7,2486,2001-01-12 05:47:03
0,2,5,1469,2000-12-14 05:59:01
0,1,19,3129,2003-01-13 20:46:09
0,3,20,2057,2000-12-14 02:37:37
0,2,16,2204,2000-12-14 01:29:04
0,5,7,2948,2000-12-14 16:32:55
1,1,4,728,2000-12-13 19:31:58
0,2,17,577,2000-12-13 19:29:34
0,1,17,1121,2001-01-02 06:32:55
0,3,16,2446,2000-12-13 18:23:29
0,6,17,2721,2000-12-18 19:56:50
0,2,12,3197,2000-12-13 08:33:33
1,2,11,2380,2000-12-17 00:34:49
0,3,17,22,2000-12-13 06:37:43
0,4,16,3206,2000-12-13 05:33:50
0,1,18,1511,2000-12-13 04:11:54
1,2,7,3052,2000-12-12 22:22:49
1,3,7,1585,2000-12-12 21:27:21
0,3,11,1644,2000-12-12 20:56:26
0,2,2,2764,2000-12-18 03:17:44
0,2,0,3277,2000-12-12 05:48:47
0,4,16,2192,2000-12-12 04:49:34
1,3,1,704,2000-12-12 04:15:10
0,2,14,615,2001-11-05 02:13:35
0,5,7,663,2000-12-12 00:53:08
0,2,17,1507,2000-12-12 00:00:19
0,2,0,2870,2000-12-11 23:35:06
0,2,1,326,2000-12-12 06:44:59
1,2,12,2999,2000-12-11 22:53:21
1,2,0,138,2000-12-11 23:11:26
1,2,20,1510,2000-12-11 22:03:13
0,3,7,1518,2000-12-11 21:29:42
1,4,9,1727,2000-12-11 15:57:37
0,5,5,2097,2000-12-11 10:06:46
0,1,2,2809,2000-12-11 07:46:13
1,1,4,866,2000-12-11 06:55:55
0,2,0,1143,2000-12-11 04:42:40
0,1,4,1924,2001-12-22 02:02:00
1,5,2,1503,2000-12-10 21:39:43
1,1,4,3202,2000-12-10 21:01:58
1,6,1,2721,2000-12-10 18:35:10
0,6,13,1107,2000-12-10 18:48:18
0,3,7,393,2000-12-10 17:19:31
1,6,13,1149,2000-12-10 07:44:34
0,3,6,2621,2000-12-10 05:26:22
0,6,17,1650,2000-12-29 02:22:29
0,3,17,2058,2000-12-10 02:29:16
1,5,3,1487,2000-12-10 01:23:21
0,3,12,2412,2000-12-09 23:20:05
0,6,7,678,2001-03-24 18:42:08
0,5,1,69,2001-12-25 16:37:38
1,6,2,1511,2000-12-09 18:45:53
1,6,13,1835,2000-12-09 07:31:50
0,3,14,1420,2000-12-09 06:45:24
0,2,12,2291,2000-12-09 06:20:09
1,6,1,3145,2000-12-09 05:32:28
0,4,20,1058,2000-12-09 03:56:33
1,3,7,1737,2000-12-09 04:40:01
0,3,1,1650,2000-12-09 03:11:20
0,6,20,1436,2001-01-16 12:38:06
0,1,0,2924,2000-12-09 01:53:08
1,6,1,2529,2000-12-09 01:28:11
0,2,17,831,2000-12-09 01:19:25
0,3,17,2324,2000-12-09 01:40:05
1,2,14,1544,2000-12-12 19:05:45
0,3,20,641,2001-02-01 21:43:26
0,1,10,2949,2000-12-08 23:55:30
1,3,1,405,2000-12-08 23:38:43
1,1,4,3202,2000-12-10 01:44:19
0,5,12,1992,2000-12-08 23:07:36
0,3,1,946,2000-12-08 23:23:31
0,1,17,3052,2000-12-12 22:02:02
0,1,4,1718,2000-12-09 00:49:42
1,2,2,2477,2000-12-08 21:53:26
1,3,14,625,2000-12-08 22:07:22
0,2,2,2058,2001-01-18 21:56:05
1,1,0,2721,2000-12-08 21:03:38
1,3,1,2689,2000-12-08 21:21:23
0,3,17,1062,2000-12-08 20:45:59
1,3,20,975,2001-01-29 22:23:38
1,2,7,2009,2000-12-08 22:11:29
0,2,11,1484,2000-12-08 20:35:39
1,3,7,2306,2001-01-21 02:30:07
1,2,0,3070,2000-12-08 20:47:38
0,2,6,235,2000-12-08 20:21:54
0,4,11,438,2001-02-05 02:06:32
0,3,17,498,2000-12-08 20:05:34
0,1,0,791,2000-12-08 19:45:12
0,1,5,1149,2000-12-08 20:14:58
0,3,17,3009,2000-12-08 19:07:48
1,3,6,831,2000-12-08 18:55:14
1,1,3,1515,2000-12-08 18:57:19
0,1,0,3247,2000-12-08 19:07:08
0,1,4,740,2001-04-29 03:13:39
0,6,1,2340,2001-06-18 18:04:19
0,1,17,2394,2000-12-08 17:22:22
1,2,1,1277,2000-12-08 17:37:20
0,2,11,2445,2000-12-08 17:06:46
0,2,0,894,2000-12-08 16:54:16
0,4,14,3206,2000-12-08 17:54:06
1,2,0,823,2000-12-08 16:27:05
1,2,3,1242,2000-12-08 16:35:43
0,3,1,2503,2001-02-26 19:01:46
1,4,3,1784,2000-12-08 15:40:36
0,6,17,1149,2003-01-09 00:38:28
0,1,4,1428,2000-12-08 15:29:13
0,3,12,1149,2000-12-08 14:32:17
1,1,4,1428,2000-12-08 09:39:21
1,1,10,415,2000-12-08 07:02:40
0,1,10,217,2000-12-21 05:12:04
0,4,16,415,2000-12-08 06:39:51
0,5,6,1674,2000-12-08 06:24:19
1,4,3,109,2000-12-08 06:11:35
0,3,17,2289,2000-12-08 14:29:38
0,3,14,3247,2001-04-24 02:40:36
0,6,1,150,2000-12-08 04:37:43
0,3,1,2495,2000-12-08 04:29:23
0,2,3,1992,2000-12-11 04:02:35
1,5,0,2151,2000-12-08 03:39:09
1,4,11,2721,2000-12-08 02:45:06
0,2,17,2610,2000-12-08 02:32:04
0,2,7,1014,2000-12-08 02:20:21
0,4,1,2511,2000-12-08 02:23:39
1,3,2,1511,2000-12-08 01:34:57
0,5,16,1327,2000-12-08 01:01:44
1,1,4,2721,2000-12-08 01:36:36
0,4,18,2408,2000-12-08 00:56:18
1,1,4,1428,2000-12-08 00:24:04
0,1,19,3393,2000-12-08 00:36:46
1,3,3,1484,2000-12-08 00:34:23
1,0,10,2035,2000-12-07 23:50:01
0,3,6,2045,2000-12-07 23:45:45
1,0,10,2207,2000-12-07 23:21:43
0,3,0,2102,2000-12-07 22:54:41
1,1,4,1487,2000-12-20 21:53:59
0,5,16,1511,2000-12-16 06:31:41
0,2,12,2151,2000-12-07 22:02:46
0,1,12,2721,2000-12-07 21:25:11
1,0,10,1149,2000-12-07 21:26:33
0,6,7,2151,2000-12-07 21:28:27
0,6,0,838,2000-12-07 21:14:53
1,3,17,2035,2003-01-27 20:01:40
0,2,12,2759,2000-12-07 20:54:08
0,1,4,1428,2000-12-07 20:50:21
0,0,10,1890,2000-12-07 21:19:11
0,1,4,3186,2000-12-07 20:50:13
0,2,12,1487,2000-12-07 20:45:58
0,1,10,1992,2000-12-07 21:04:35
1,2,17,3226,2000-12-07 20:40:57
0,2,2,3192,2000-12-07 20:00:00
0,3,6,1469,2000-12-07 19:42:03
0,3,11,162,2000-12-07 19:58:24
0,2,16,116,2000-12-07 18:57:38
1,2,0,1327,2001-01-09 20:18:15
0,1,12,69,2000-12-07 18:56:03
1,4,4,1112,2000-12-07 18:40:57
0,3,0,1168,2000-12-07 18:23:32
0,2,2,1511,2001-03-15 02:06:53
1,3,14,523,2001-01-12 23:51:48
0,6,7,2721,2000-12-07 16:21:37
0,2,12,149,2000-12-07 15:54:44
0,3,6,2315,2000-12-19 07:03:37
0,4,17,2000,2000-12-07 06:03:12
1,2,2,1587,2000-12-07 05:58:36
0,2,7,1572,2000-12-07 00:12:39
0,3,6,1879,2000-12-06 23:44:13
0,4,14,501,2000-12-06 23:25:09
0,6,16,2910,2000-12-06 21:44:04
0,1,1,3335,2000-12-06 20:21:33
0,1,4,322,2000-12-06 18:40:06
0,3,12,990,2000-12-06 21:30:17
0,3,17,535,2000-12-06 04:58:05
0,3,12,83,2000-12-06 04:26:53
0,5,18,2321,2000-12-06 03:00:58
0,2,2,2644,2000-12-06 02:37:58
0,2,12,1658,2000-12-06 01:05:39
0,1,4,2271,2000-12-06 00:38:13
0,6,1,1134,2000-12-05 22:59:40
1,2,7,1574,2000-12-05 22:10:42
1,1,14,1560,2000-12-05 21:56:40
0,3,20,2938,2000-12-05 21:06:27
0,4,1,3362,2000-12-05 20:31:44
0,2,16,1971,2000-12-05 20:01:36
0,3,20,550,2000-12-05 18:34:39
1,5,17,200,2000-12-05 17:22:37
0,1,4,121,2000-12-05 08:08:27
1,3,2,112,2000-12-05 07:38:34
0,2,19,3018,2000-12-05 06:41:21
1,4,15,287,2000-12-06 02:45:50
0,1,17,1917,2000-12-05 03:17:48
0,2,5,1861,2000-12-05 03:02:44
0,0,10,1561,2000-12-05 01:19:42
0,5,14,2639,2000-12-04 23:49:45
0,1,4,1478,2001-02-12 18:45:56
1,2,0,160,2001-06-15 02:21:06
0,3,14,2437,2000-12-04 19:04:24
0,1,2,2985,2000-12-04 10:46:42
0,1,0,3328,2000-12-04 06:12:10
1,2,1,6,2000-12-04 03:37:40
0,3,12,1908,2000-12-04 06:39:55
0,3,7,1694,2000-12-04 04:23:13
0,5,6,21,2000-12-04 01:12:52
0,3,17,2440,2000-12-29 04:23:29
1,2,6,3149,2000-12-03 22:08:51
1,0,10,1299,2000-12-04 03:22:25
0,2,0,2953,2000-12-03 19:40:21
0,2,7,2755,2001-11-26 00:18:17
0,5,7,874,2000-12-03 05:58:04
0,3,1,1647,2000-12-03 03:44:24
0,5,17,1002,2000-12-05 03:22:40
0,2,7,1544,2000-12-03 02:27:33
1,2,7,367,2000-12-03 02:01:08
0,2,0,1745,2000-12-03 01:47:29
1,1,1,198,2000-12-03 01:50:52
0,2,0,812,2000-12-03 00:30:50
1,3,12,2298,2000-12-02 22:12:10
0,1,4,1774,2001-06-16 06:37:40
0,5,2,1028,2000-12-02 21:00:41
1,3,0,588,2000-12-02 20:51:46
0,4,17,3063,2000-12-02 19:01:52
0,2,17,2644,2002-03-05 05:31:37
1,0,10,1816,2000-12-03 18:14:43
0,1,20,2272,2000-12-02 12:30:27
0,1,4,1696,2000-12-02 05:03:38
1,3,1,3156,2000-12-02 04:03:47
0,2,2,2144,2000-12-02 02:45:12
0,3,20,1692,2000-12-02 02:07:49
0,2,4,1721,2001-03-22 03:26:59
0,2,17,188,2001-02-12 18:46:53
0,6,13,2741,2000-12-01 21:59:22
1,5,13,435,2000-12-29 19:20:41
1,2,0,3070,2000-12-01 19:46:44
0,4,1,3270,2000-12-01 22:21:57
0,1,2,2112,2000-12-01 06:42:21
1,2,3,2881,2000-12-01 04:04:10
0,2,12,587,2000-12-01 02:03:23
0,3,7,58,2000-12-01 01:14:19
0,2,17,2881,2000-12-01 20:19:49
0,2,20,2252,2000-11-30 23:16:16
0,3,16,297,2000-11-30 20:22:09
0,2,12,425,2000-11-30 19:12:13
0,3,7,2998,2000-11-30 19:03:41
0,2,4,2100,2000-11-30 18:49:29
0,2,4,1940,2000-11-30 18:38:04
0,2,4,2100,2000-11-30 18:57:08
0,1,4,1940,2000-11-30 18:38:05
0,6,13,2677,2000-12-01 03:34:24
0,3,12,2924,2000-12-31 08:22:09
0,1,4,97,2000-11-30 07:32:29
0,5,17,505,2000-11-30 05:39:22
1,1,4,1747,2001-01-10 04:54:03
1,6,1,1615,2000-11-30 03:45:06
1,3,8,204,2000-11-30 03:46:33
0,3,7,1038,2001-02-03 15:05:44
0,2,0,1950,2000-11-30 01:59:25
0,1,0,1656,2000-11-30 01:44:09
0,1,0,2572,2001-01-15 19:05:09
0,2,11,2329,2000-11-29 22:30:37
0,0,0,2583,2000-11-29 22:05:49
0,2,12,2058,2000-11-29 21:09:42
0,2,12,751,2000-11-29 21:11:39
0,6,11,3345,2000-12-19 19:36:39
1,2,9,3321,2000-11-29 19:43:52
0,2,0,155,2000-11-29 17:26:37
0,2,7,2683,2000-11-29 09:15:18
0,1,17,2565,2000-12-08 06:32:12
0,2,14,2434,2000-11-29 07:15:12
0,2,5,1824,2000-11-29 07:09:19
0,1,0,3339,2000-11-29 06:06:49
0,0,10,3181,2000-12-03 01:26:02
0,1,4,540,2000-11-29 04:40:25
0,2,0,1532,2000-11-29 03:59:13
1,3,9,38,2000-12-06 03:03:25
1,2,17,3043,2000-11-29 02:52:41
0,3,0,1917,2000-11-29 01:23:08
0,3,7,2292,2000-12-02 03:13:19
1,6,3,1313,2000-11-29 01:23:29
0,6,15,2291,2000-12-04 18:45:53
0,1,7,1742,2000-11-29 00:43:33
0,0,10,2918,2000-11-29 00:49:06
0,1,10,2120,2000-11-29 00:52:19
1,2,7,632,2000-11-29 00:34:47
0,2,12,307,2000-12-11 18:30:21
0,4,17,304,2000-11-28 22:39:52
1,5,1,1979,2000-11-28 23:20:24
0,1,12,2925,2000-11-28 21:47:20
0,2,6,711,2000-11-30 22:48:37
0,0,17,986,2000-11-28 20:58:17
0,2,0,1626,2000-11-28 20:32:07
0,6,1,2788,2000-11-28 19:28:33
0,1,0,2226,2000-11-28 19:09:07
0,2,0,1363,2000-11-28 18:40:19
0,2,17,1238,2000-11-28 18:28:20
0,2,17,1747,2000-11-28 17:03:37
0,5,20,2413,2000-11-28 15:11:55
1,5,7,942,2000-11-28 14:25:56
1,2,5,977,2000-11-28 11:23:43
0,1,4,1489,2000-11-28 09:25:35
0,2,20,3207,2000-11-28 10:24:05
0,3,12,1944,2000-11-28 09:36:40
0,3,0,48,2000-11-28 19:36:21
0,1,4,1062,2000-11-28 08:50:14
0,2,17,645,2000-11-28 09:18:27
0,5,0,258,2000-12-02 07:31:02
0,2,6,519,2000-11-28 09:23:05
0,1,4,277,2000-11-28 08:44:04
1,1,4,812,2000-11-28 08:29:39
0,2,4,1338,2000-11-28 08:33:29
0,3,7,688,2000-11-28 06:15:37
0,1,2,3176,2000-11-28 05:32:19
0,6,1,2384,2000-11-29 12:27:22
1,3,1,240,2000-11-28 03:12:43
0,4,2,2445,2001-11-06 02:35:31
1,4,0,3008,2000-11-28 00:36:53
0,3,7,1892,2000-11-28 00:23:27
1,3,12,2706,2000-11-28 00:17:58
0,6,0,1845,2000-11-27 23:44:19
0,2,11,3148,2000-11-27 23:38:54
0,6,7,1840,2000-11-27 23:35:20
1,5,14,1835,2000-11-27 22:32:08
1,1,0,2569,2000-11-28 01:03:50
0,2,0,2247,2000-11-27 23:28:45
1,1,0,1571,2000-11-27 22:23:52
1,2,7,2165,2000-11-27 21:58:00
0,2,15,2609,2001-04-08 01:34:32
0,1,4,1294,2000-11-27 20:29:46
0,2,5,2029,2000-11-27 20:07:53
1,4,6,1414,2002-04-27 00:31:19
0,3,17,1732,2000-11-27 19:41:57
0,1,0,338,2000-11-27 18:37:39
0,2,7,2016,2000-11-27 18:29:23
0,2,7,3282,2000-11-27 01:41:51
0,3,1,2749,2000-11-27 01:31:31
0,0,10,2697,2000-11-27 00:31:07
0,4,12,2098,2000-11-27 00:27:52
0,5,17,442,2000-11-27 00:18:22
1,2,1,3254,2000-11-26 23:57:47
0,0,10,2308,2000-11-26 23:33:14
0,4,15,2973,2001-12-31 01:26:50
0,0,10,1827,2000-11-26 23:43:32
0,1,2,137,2000-12-24 04:15:49
0,4,16,1526,2000-12-23 04:27:14
0,1,2,137,2000-11-26 20:18:12
1,3,14,2485,2000-12-02 06:12:27
0,0,10,3028,2002-04-27 03:37:01
0,3,0,815,2000-11-26 18:47:47
1,6,0,2397,2000-11-26 18:35:52
1,6,16,1890,2000-11-26 23:58:56
1,0,10,2697,2000-11-26 22:31:08
0,3,0,2891,2000-11-26 11:11:43
0,1,4,3023,2000-12-10 03:38:31
0,5,1,348,2000-11-26 08:56:08
0,1,15,594,2000-11-26 09:13:14
0,2,7,1774,2000-11-26 07:51:13
1,6,13,3209,2000-11-26 07:25:38
1,6,0,3334,2000-11-26 07:21:44
0,6,0,2005,2000-11-26 06:07:27
0,6,13,3127,2000-11-26 06:22:44
0,0,10,1990,2000-11-26 05:34:38
1,4,6,367,2000-11-26 05:06:29
1,5,1,3328,2000-11-26 05:16:12
0,4,7,2791,2000-11-29 00:43:13
1,3,2,953,2000-11-26 09:16:07
0,2,0,98,2002-09-03 04:56:59
1,3,9,1318,2000-12-16 04:13:47
0,2,7,861,2000-11-26 04:02:19
1,2,1,1900,2000-11-26 03:46:09
0,5,6,367,2000-11-26 04:58:25
0,1,4,250,2000-11-26 08:55:47
0,2,7,1810,2000-11-26 03:24:58
1,3,3,1528,2000-11-26 02:32:54
0,2,5,943,2002-09-08 00:43:30
1,3,6,988,2000-11-25 23:21:13
0,4,1,3362,2000-11-25 23:01:29
0,1,4,1568,2000-12-15 07:56:11
1,2,1,2161,2000-11-25 19:29:23
0,1,20,1437,2000-11-25 18:43:36
1,5,6,2276,2000-11-25 18:44:15
1,4,12,108,2002-08-23 19:11:34
0,3,0,1061,2000-11-25 17:35:14
0,3,7,1714,2000-11-25 14:37:37
0,1,0,2366,2000-11-25 13:35:44
0,3,7,3123,2000-11-25 09:44:35
0,4,2,772,2000-11-25 09:38:57
0,5,11,1426,2001-04-01 02:36:34
0,1,10,1663,2000-11-25 04:51:58
1,2,1,981,2001-01-15 01:44:10
0,2,7,1046,2000-11-25 04:07:09
0,6,7,3340,2000-11-25 07:07:16
1,1,0,3341,2000-11-25 03:43:07
0,5,12,1153,2000-11-25 03:19:51
1,2,11,404,2000-11-25 02:40:25
0,4,1,3202,2000-11-25 01:15:34
0,3,19,202,2000-11-25 01:07:26
0,3,14,1270,2000-11-25 00:44:04
0,1,0,1093,2000-11-25 01:26:41
0,0,10,1528,2001-05-30 23:10:20
1,2,9,3040,2000-11-24 23:49:39
1,2,16,557,2000-11-24 23:47:31
1,6,0,434,2000-11-28 06:15:41
0,5,11,3132,2000-12-24 16:32:23
0,5,0,1931,2000-11-24 22:25:12
1,2,9,1714,2000-11-29 00:10:40
1,3,3,1208,2000-11-24 17:34:25
0,2,0,2561,2001-08-06 12:20:19
0,1,2,2411,2000-11-25 05:04:31
1,1,4,1081,2000-11-24 23:02:56
0,0,19,1702,2001-01-08 02:52:12
1,2,6,2369,2000-11-24 07:07:01
0,5,11,3301,2000-12-09 06:22:39
0,2,2,1943,2000-11-24 06:18:30
0,3,11,289,2001-01-20 07:02:20
0,1,4,2588,2000-11-24 05:41:39
0,5,12,2025,2000-11-24 04:03:33
0,3,3,90,2000-11-24 03:53:30
0,5,7,1070,2000-11-24 03:11:13
0,2,8,1402,2000-11-24 02:40:28
1,3,1,2166,2000-11-24 16:22:20
0,6,13,3114,2000-11-23 23:53:40
1,4,17,1271,2000-11-23 23:42:45
0,1,20,2873,2002-01-19 03:35:24
0,6,13,1540,2000-11-23 20:46:57
1,3,1,0,2000-11-23 20:23:17
0,2,16,49,2000-11-23 20:06:33
1,4,0,2793,2000-12-21 00:23:34
0,1,4,1774,2000-11-23 20:12:48
1,4,7,2351,2000-11-23 19:59:38
0,1,2,628,2000-11-23 17:36:59
0,3,7,1060,2000-11-23 17:01:14
0,4,7,1445,2000-11-23 16:05:12
1,3,1,2977,2000-11-23 13:57:25
0,4,2,2345,2001-04-01 05:38:57
0,3,5,2699,2000-11-23 10:49:51
1,5,11,2123,2000-12-23 09:32:54
1,0,10,3166,2000-11-23 09:56:34
0,6,18,1435,2000-11-23 09:59:49
0,1,0,3357,2000-11-23 09:50:49
0,3,6,1862,2001-01-06 07:08:15
0,4,14,273,2000-11-23 09:02:03
1,3,2,892,2000-11-23 07:19:52
0,3,0,1061,2000-11-23 06:21:34
0,0,0,999,2000-11-23 06:27:06
0,1,10,1525,2000-11-30 04:43:41
0,4,0,1275,2002-01-31 04:17:20
1,2,0,122,2000-11-23 04:55:30
0,3,12,122,2002-03-21 21:44:51
1,4,2,1797,2000-11-23 03:12:13
1,2,6,1264,2000-11-23 02:22:48
1,2,3,776,2000-11-23 02:24:42
0,6,7,2674,2000-11-23 03:44:33
0,1,4,1087,2000-11-23 06:06:27
0,4,7,518,2000-11-23 02:35:57
0,6,0,1906,2000-11-23 01:11:55
0,2,7,3079,2000-11-23 03:12:10
0,3,6,558,2000-11-23 00:18:37
0,2,7,2281,2000-11-23 00:33:35
0,1,5,2709,2000-11-22 23:57:38
1,1,4,2231,2000-12-31 19:04:38
0,5,14,67,2000-11-22 23:55:30
1,6,6,2326,2000-11-23 18:59:07
0,3,7,1869,2000-11-22 22:36:10
0,1,1,2764,2000-11-22 22:06:01
1,4,7,386,2000-11-22 22:00:55
0,3,11,3148,2000-11-22 21:33:15
0,1,4,2799,2000-11-22 21:25:17
1,5,1,682,2001-10-24 04:45:03
0,6,1,180,2000-11-22 21:00:09
1,6,6,1774,2000-11-22 21:19:56
1,5,16,1396,2000-11-23 04:23:45
0,5,13,964,2000-11-22 22:32:59
0,5,0,827,2000-11-22 18:07:40
0,6,16,1032,2000-11-22 17:27:17
1,3,7,237,2000-11-23 07:22:16
0,1,12,1713,2000-11-22 10:10:57
0,5,7,1350,2000-11-22 08:31:51
0,2,7,847,2000-11-22 08:47:24
0,5,3,3328,2000-11-22 08:22:12
0,3,17,3235,2000-11-22 07:46:41
0,2,12,2924,2002-05-22 23:13:43
0,1,10,2940,2000-11-22 06:29:54
1,0,10,1608,2000-11-22 06:16:20
1,5,2,1405,2000-11-22 05:55:13
0,4,7,3271,2000-11-22 06:13:01
1,3,1,2129,2000-11-22 06:07:42
0,2,0,1488,2000-11-22 05:18:48
0,0,10,2316,2000-11-22 05:18:50
0,6,6,1593,2000-11-22 07:10:56
1,5,1,1469,2000-11-22 05:30:28
0,4,12,2291,2000-11-22 04:26:05
1,1,16,3154,2000-11-22 04:00:03
1,2,2,257,2000-11-22 03:53:51
1,2,17,1983,2000-11-22 03:57:56
0,6,0,2458,2000-11-22 03:41:34
1,5,20,924,2000-11-22 03:21:42
1,3,1,1307,2000-11-22 02:25:58
1,0,0,2985,2000-11-26 11:44:54
0,4,7,592,2000-11-22 01:55:48
0,2,0,204,2000-11-22 01:50:43
0,4,0,1325,2000-11-22 01:54:52
0,5,16,2924,2001-03-14 04:01:28
1,0,10,1787,2001-01-13 22:19:21
0,3,1,1090,2000-11-22 00:55:04
0,0,0,2348,2000-11-22 03:39:20
0,1,4,3167,2000-11-26 05:20:52
1,6,0,2335,2000-11-22 00:33:35
0,2,0,465,2000-11-21 23:49:54
0,2,17,1127,2000-11-29 21:54:16
1,5,1,168,2000-11-21 23:44:43
0,5,0,1061,2001-01-05 03:27:49
0,6,13,2124,2000-11-21 23:50:41
0,2,12,3225,2000-12-14 19:34:54
0,3,0,380,2000-11-24 03:05:17
0,4,7,2088,2000-12-16 23:03:28
0,1,20,3318,2000-11-21 22:04:06
1,2,4,403,2000-11-21 22:15:47
1,4,20,3027,2000-11-21 21:41:19
0,1,4,789,2000-11-21 23:41:41
1,2,7,258,2000-11-21 21:15:59
1,2,1,554,2000-11-21 21:01:47
0,1,4,1505,2000-11-21 21:03:41
1,3,20,1692,2000-11-21 21:16:27
1,2,20,352,2000-11-21 20:57:08
1,1,14,3254,2000-11-21 23:37:29
0,2,17,176,2000-11-21 20:01:50
0,3,0,361,2000-11-21 19:54:53
1,3,20,752,2000-12-01 01:07:49
0,3,2,989,2000-11-21 19:43:45
0,5,0,2535,2000-11-28 05:06:56
0,2,7,1589,2000-11-23 17:00:16
1,3,20,2563,2000-11-21 18:45:34
0,2,20,3088,2002-05-21 23:03:25
1,1,14,1024,2000-11-26 05:31:33
0,4,7,3143,2000-11-21 17:49:27
0,3,7,2636,2000-11-21 17:36:54
1,6,13,1479,2000-11-21 16:05:29
0,2,6,2117,2000-11-21 15:58:04
0,5,17,323,2000-11-21 13:59:05
0,3,17,543,2000-11-21 11:28:51
1,1,0,1387,2000-11-21 11:20:49
0,1,4,955,2002-07-02 18:40:10
0,0,10,1980,2001-10-26 22:37:28
0,5,1,966,2000-11-21 09:44:47
1,1,1,524,2000-11-21 10:17:15
0,3,17,2528,2000-11-21 09:21:59
1,5,7,2052,2000-12-31 07:20:27
0,4,6,3024,2000-11-21 09:07:29
0,3,0,876,2001-01-09 07:49:24
0,2,7,1131,2000-11-24 19:58:36
0,2,5,1048,2000-11-21 08:59:16
1,3,6,3085,2000-11-21 08:42:43
0,0,0,906,2000-11-21 08:41:37
0,1,4,840,2001-06-24 03:01:10
0,2,14,1529,2000-11-22 05:47:55
0,4,20,2609,2000-11-21 07:39:38
0,6,13,1790,2000-11-21 07:33:42
0,0,10,1689,2000-11-22 05:11:07
0,2,14,2376,2000-11-21 07:07:24
0,4,0,2279,2000-11-21 06:46:41
0,1,4,2993,2000-11-21 06:24:54
0,3,7,892,2001-07-07 22:19:24
0,5,2,2580,2000-11-21 06:11:55
0,1,16,3331,2000-11-21 06:03:44
1,2,3,2821,2000-11-21 06:04:38
1,2,0,2307,2000-11-21 05:29:58
0,0,10,2944,2001-05-12 20:49:41
0,6,1,533,2000-11-21 05:29:09
0,2,7,1196,2000-11-21 05:14:43
0,5,7,1558,2000-11-23 18:00:38
1,5,20,2543,2000-12-25 07:13:06
0,6,17,915,2000-11-21 05:22:47
0,1,7,306,2000-11-21 04:43:41
0,3,0,2991,2000-11-21 04:47:24
1,2,9,2490,2000-11-21 04:50:54
0,3,20,334,2000-11-22 21:29:59
0,5,7,1700,2000-11-21 04:10:02
1,2,17,2768,2000-11-21 04:05:06
0,0,10,2444,2000-11-21 04:02:33
1,4,20,927,2002-07-28 23:55:50
0,3,1,1685,2000-11-21 04:34:15
0,5,7,903,2000-11-21 03:22:41
1,4,2,1184,2000-11-21 03:17:01
1,0,10,757,2000-11-24 23:48:47
1,2,3,2205,2000-11-21 03:18:41
1,5,2,3211,2000-11-22 01:18:54
0,0,10,2971,2000-11-21 03:40:06
1,2,1,1149,2000-11-21 03:07:05
1,4,5,2128,2000-11-21 03:06:48
1,4,1,1712,2000-11-22 06:40:12
1,4,7,3123,2000-11-21 02:54:00
1,6,13,2251,2000-11-21 02:53:39
0,1,11,1166,2000-11-21 02:56:39
1,4,1,2747,2000-11-25 09:03:58
0,1,10,2895,2000-12-01 05:44:11
1,2,5,2838,2000-11-21 02:21:55
1,2,0,722,2000-12-07 01:38:13
0,6,20,1056,2000-11-21 02:14:07
1,2,3,1791,2000-11-21 01:57:45
0,3,7,3330,2000-11-21 01:57:28
1,6,16,1131,2000-11-21 01:55:24
0,2,7,130,2000-11-21 02:32:13
1,1,1,2590,2000-11-21 01:42:15
0,1,4,451,2000-11-21 01:50:57
1,2,0,3117,2000-11-21 01:53:43
0,6,13,1829,2000-11-21 02:35:22
0,2,4,1566,2000-11-21 01:33:43
0,1,4,2181,2000-11-21 01:44:16
0,5,7,577,2000-11-21 02:06:18
0,3,1,748,2000-11-21 01:16:32
0,2,17,1122,2000-11-21 02:07:07
0,1,4,3261,2000-11-21 01:10:06
0,2,14,3022,2000-11-26 10:02:19
0,3,16,3121,2000-11-21 01:06:41
1,2,1,1388,2000-11-21 01:07:02
0,2,4,1840,2000-11-21 00:48:38
0,3,0,2115,2000-11-21 00:32:00
1,4,11,1818,2000-11-25 17:53:43
1,3,3,2446,2000-11-21 00:22:19
0,6,6,2172,2000-11-21 00:25:00
0,3,1,1968,2000-11-21 00:36:39
1,1,14,719,2000-11-21 00:54:46
0,2,14,1714,2000-11-21 00:22:48
1,5,6,1617,2000-11-21 00:44:23
0,1,2,2771,2000-11-21 00:07:17
0,3,3,2352,2000-11-21 00:02:24
0,3,2,3090,2000-11-21 00:02:52
1,2,4,2077,2000-11-21 00:07:57
0,2,2,3177,2000-11-21 00:05:41
0,3,12,740,2000-11-21 00:33:51
1,6,13,3017,2000-11-20 23:47:45
0,2,14,642,2000-11-20 23:52:55
0,1,4,3392,2000-11-20 23:53:01
1,4,0,978,2001-01-08 23:53:39
0,2,2,3171,2000-11-20 23:49:03
0,0,0,3159,2001-08-17 19:53:41
1,2,0,1108,2000-11-21 23:33:00
1,1,4,1092,2000-11-21 04:42:12
1,4,0,1544,2000-11-20 23:54:30
0,3,16,2866,2000-11-20 23:22:13
0,2,5,2377,2000-12-18 23:12:30
0,6,20,610,2000-11-21 03:26:23
0,2,17,261,2000-11-20 22:54:29
1,2,2,9,2000-11-20 23:27:14
1,1,0,767,2000-11-20 22:54:38
1,4,1,451,2000-11-20 22:43:07
0,0,10,2196,2000-11-20 22:50:05
1,5,2,2935,2000-11-20 22:58:59
0,2,20,838,2000-11-20 23:06:55
0,2,7,1547,2000-11-26 04:10:54
1,2,9,2968,2000-11-20 22:25:56
0,2,16,1232,2000-11-21 00:55:27
0,3,7,139,2000-11-20 22:24:09
0,2,7,990,2000-11-20 23:06:08
1,2,14,3211,2000-11-20 21:47:56
0,2,17,3136,2000-11-20 22:26:52
0,1,19,777,2000-11-20 21:36:42
1,0,10,3000,2000-11-20 21:29:44
1,2,1,2460,2000-11-20 21:37:51
0,3,12,1964,2000-12-06 23:32:43
0,2,20,1332,2000-11-20 21:15:18
0,2,16,1875,2000-11-22 06:09:37
0,1,0,3088,2000-11-20 21:08:13
0,2,2,131,2000-11-20 20:49:04
0,1,4,2277,2001-09-10 07:09:11
0,2,17,3014,2000-11-20 20:50:03
1,2,7,1964,2000-11-20 20:49:23
0,3,20,1488,2000-11-20 20:45:17
0,2,17,2962,2000-11-20 20:51:59
0,6,17,2968,2000-11-25 05:24:21
0,2,15,1988,2000-11-20 20:41:19
0,1,4,1133,2000-11-20 20:27:57
0,4,17,2343,2000-11-20 20:28:32
0,4,1,2728,2000-11-20 21:37:18
0,5,12,195,2000-11-20 21:07:48
1,1,20,3085,2000-11-20 20:14:31
1,3,3,1676,2000-11-20 20:42:12
0,1,20,2917,2000-11-20 20:50:13
0,2,3,333,2001-04-23 22:23:14
0,2,3,3115,2001-02-05 20:13:45
0,6,17,182,2000-11-25 20:55:58
0,3,1,460,2000-11-20 19:53:59
0,3,6,1358,2000-11-20 19:39:17
0,1,4,255,2000-11-20 19:42:41
1,2,15,1930,2000-11-20 19:47:11
1,3,12,392,2000-11-20 19:32:56
1,1,0,2278,2000-11-20 20:02:34
1,1,4,855,2001-02-20 20:38:10
0,1,6,688,2000-11-20 19:17:59
0,3,8,324,2000-11-20 19:39:20
0,1,20,3016,2000-11-22 22:59:37
1,0,10,171,2000-11-20 19:20:08
0,4,17,1910,2000-11-20 19:05:17
0,3,16,860,2000-11-20 19:00:31
1,0,10,1658,2000-11-20 18:56:24
1,6,13,3310,2000-11-20 18:55:20
0,1,17,2263,2000-11-20 18:38:36
1,2,3,472,2000-11-20 18:59:03
0,0,0,485,2000-11-20 18:29:11
0,2,6,2155,2000-11-20 18:32:03
1,5,7,315,2000-11-20 18:44:57
1,4,9,1399,2000-11-20 18:29:53
0,1,4,2651,2000-11-20 18:12:58
1,1,4,1152,2000-11-20 18:15:42
1,1,4,2870,2000-11-20 22:14:34
0,1,0,3289,2000-11-20 18:19:02
0,3,6,1544,2000-11-20 18:06:57
0,2,11,309,2000-11-20 17:51:15
0,2,0,2128,2000-11-20 18:11:02
0,3,1,1241,2000-12-07 23:47:42
1,1,5,711,2000-11-20 20:33:06
1,2,0,668,2000-12-18 16:33:08
0,2,11,352,2000-11-20 16:40:49
0,2,11,2162,2000-11-20 16:26:19
0,2,17,2223,2000-11-20 16:21:32
0,3,0,2369,2000-11-20 16:20:52
1,4,7,3336,2000-11-20 16:06:59
0,5,0,1610,2000-11-20 16:15:21
0,5,3,2327,2000-11-20 15:50:19
0,2,20,1441,2000-11-20 16:09:41
0,2,4,1204,2000-11-20 15:30:01
0,1,4,2572,2000-11-20 15:22:10
0,5,15,545,2000-11-28 00:29:58
0,4,0,685,2000-11-21 14:25:17
0,1,17,1061,2000-11-20 14:13:20
0,1,4,2870,2000-11-20 13:14:07
1,4,7,2017,2000-11-20 12:30:08
0,6,0,605,2000-11-20 12:23:41
1,1,17,2866,2000-12-17 23:16:58
0,5,13,1287,2000-11-20 12:00:40
0,1,12,2985,2000-11-20 11:51:12
0,2,20,2174,2000-11-20 11:33:06
0,1,19,2768,2000-11-20 11:32:27
0,2,12,1729,2001-10-04 10:41:54
0,2,16,814,2000-11-20 11:15:26
0,1,0,1627,2000-11-30 10:25:13
1,4,0,2291,2000-11-20 11:53:18
0,2,17,271,2000-11-20 11:27:01
1,4,0,3336,2000-12-07 22:59:28
1,1,9,2779,2000-11-20 11:20:42
1,2,2,2288,2000-12-22 14:19:26
0,3,7,1721,2000-11-20 11:10:50
0,2,12,2609,2000-11-20 11:07:53
0,1,4,2875,2000-11-20 11:14:34
1,1,4,1839,2000-11-20 11:00:55
0,4,17,3244,2000-11-20 10:56:29
0,3,2,1130,2000-11-20 10:54:03
1,2,17,135,2000-11-20 10:45:29
1,6,13,1893,2000-11-20 11:13:54
0,2,17,316,2000-11-20 10:43:49
0,0,10,1320,2000-11-23 16:15:57
0,3,2,1814,2000-11-20 10:41:45
0,1,14,1937,2000-11-20 10:43:22
0,2,12,1190,2000-11-20 10:51:16
0,2,2,2110,2000-11-23 07:39:51
0,1,3,3134,2000-11-20 10:52:31
0,3,12,1051,2000-11-20 10:22:10
1,2,17,431,2000-11-21 06:24:55
0,2,20,112,2000-11-20 10:33:04
0,1,10,2832,2001-02-01 05:41:14
0,1,15,637,2000-11-20 10:03:44
0,2,4,2892,2000-11-20 10:49:34
1,1,4,2243,2000-11-21 11:27:58
0,5,1,1695,2000-11-22 09:08:34
0,2,0,2332,2000-11-20 09:44:03
0,1,0,1153,2002-02-05 05:47:20
1,1,4,2455,2000-11-20 10:15:27
0,2,0,1078,2000-11-20 09:36:51
0,2,16,1347,2001-09-17 22:03:28
0,1,4,2197,2000-11-20 09:30:02
0,1,16,2355,2000-11-20 09:20:33
0,1,4,1715,2000-11-20 09:40:08
0,1,19,2150,2000-11-21 10:43:22
0,1,4,1216,2001-10-17 10:01:14
0,2,7,2572,2001-02-04 02:22:44
1,1,4,2,2000-11-20 09:21:32
1,1,0,2430,2000-11-20 10:02:49
0,1,4,941,2000-11-20 09:33:37
0,4,17,764,2000-11-20 09:33:43
0,1,20,1057,2000-11-20 09:25:26
0,3,16,2600,2000-11-20 10:25:42
0,6,16,1941,2002-10-06 07:26:52
0,6,1,1897,2000-11-20 09:35:50
0,2,15,422,2000-11-20 09:09:06
0,3,17,3215,2000-11-30 00:24:10
0,4,0,2291,2000-11-20 09:57:43
0,5,5,740,2000-11-22 06:43:34
0,3,20,1408,2000-11-20 08:45:06
0,1,19,368,2000-11-20 09:23:10
1,2,1,2611,2000-11-20 08:47:08
1,2,3,128,2000-11-20 09:06:58
0,2,14,1680,2000-11-20 08:51:04
0,3,7,2210,2000-11-20 08:36:49
1,4,0,1828,2000-11-20 08:32:35
0,2,17,172,2000-11-20 08:33:45
0,3,16,26,2000-11-20 09:05:15
0,2,17,2465,2000-11-20 08:21:44
0,6,2,3075,2000-11-22 03:28:59
0,1,4,1253,2000-11-20 08:40:15
0,2,17,2193,2000-11-20 08:22:17
0,2,20,816,2000-11-20 08:49:44
0,4,0,584,2000-11-20 08:30:45
0,1,4,1304,2000-11-20 08:20:17
0,1,20,1154,2000-11-20 08:12:02
0,1,4,3294,2000-11-20 08:32:44
0,4,1,2595,2000-11-28 07:09:32
0,1,8,2985,2000-11-20 08:26:32
0,4,2,516,2000-11-20 08:21:31
0,0,10,1093,2001-06-06 00:20:21
1,2,2,1896,2000-11-20 08:22:49
0,1,17,2627,2000-11-20 08:15:55
0,4,11,293,2001-10-28 07:24:14
0,3,11,883,2000-11-20 09:34:03
1,2,6,463,2000-11-20 07:42:35
1,1,4,2253,2000-11-20 07:39:57
1,2,14,3151,2000-11-20 07:49:28
0,5,13,2985,2000-11-20 07:43:13
0,6,2,1857,2000-11-22 07:47:23
1,3,6,768,2000-11-29 06:06:14
0,5,7,324,2000-11-20 07:39:14
0,0,1,1543,2000-11-20 08:13:14
1,3,9,3128,2000-11-20 09:43:19
0,0,8,824,2000-11-21 00:21:51
0,2,20,1764,2000-11-20 07:51:48
1,2,0,3117,2000-11-20 07:43:08
1,3,1,2699,2000-11-20 07:34:40
0,4,11,1661,2000-11-20 07:31:51
1,2,1,2786,2001-01-12 07:24:47
0,2,16,499,2000-11-20 07:42:54
0,1,4,99,2000-11-20 07:35:56
1,1,4,60,2000-11-20 07:38:40
0,3,5,2606,2002-11-25 01:17:22
0,3,7,1099,2000-11-20 07:28:47
0,1,4,1788,2000-12-21 07:23:15
0,2,12,2489,2000-11-20 07:42:00
1,1,4,21,2000-11-20 07:24:22
0,4,12,2543,2000-11-20 07:25:36
0,1,4,2183,2000-11-20 07:23:39
0,3,5,1099,2000-11-20 07:09:59
0,3,7,1580,2000-11-20 06:59:02
0,1,5,2042,2000-11-20 07:29:04
0,2,12,1195,2000-11-20 07:13:55
0,1,4,2975,2000-11-21 07:52:49
0,0,10,1909,2000-11-20 07:07:05
1,1,4,51,2000-12-16 07:22:42
1,2,4,714,2000-11-20 07:10:37
0,5,14,2862,2000-12-23 19:37:20
0,3,7,2345,2000-11-20 06:46:06
0,5,7,1625,2000-11-20 06:58:01
0,5,11,3326,2000-11-20 06:52:05
0,4,14,670,2000-11-20 07:05:12
0,5,20,1909,2000-11-20 06:21:58
0,4,7,2043,2000-11-20 07:23:41
0,2,12,783,2000-11-20 06:11:36
0,0,10,2795,2000-11-25 21:02:15
0,3,2,1625,2000-11-20 06:23:08
0,5,17,2052,2000-11-20 05:59:48
0,2,12,1658,2000-11-20 06:11:57
0,3,12,2147,2000-11-20 06:37:40
0,2,20,3209,2000-11-20 05:48:45
1,3,0,1647,2000-11-20 05:58:20
0,3,14,1370,2000-11-20 06:59:37
0,2,12,1728,2000-11-20 08:52:37
0,6,12,1124,2000-11-20 05:49:28
1,3,20,3225,2000-11-20 05:50:03
1,2,5,2404,2000-11-20 05:30:59
0,3,17,2323,2000-11-20 05:42:48
0,1,4,1530,2000-11-20 05:49:22
0,0,10,1827,2000-11-20 07:06:57
1,1,4,1397,2000-11-21 21:57:32
0,2,17,1513,2000-11-20 05:59:08
1,3,14,2543,2000-11-20 05:48:20
0,5,13,3200,2000-11-20 06:17:47
0,1,10,686,2000-12-10 06:28:44
1,4,6,2962,2000-11-20 05:49:37
0,0,0,3034,2000-11-20 05:45:24
0,6,12,156,2000-11-20 06:15:10
0,3,7,3372,2000-11-20 05:38:15
1,6,6,2215,2000-11-20 06:49:34
0,3,7,2000,2000-11-20 05:21:22
1,0,10,2907,2000-11-20 05:15:27
0,2,2,2291,2000-11-20 05:38:25
0,2,7,2291,2000-11-20 09:34:05
0,1,19,2890,2000-11-20 05:54:05
0,2,17,440,2000-11-20 05:33:11
0,0,10,3395,2000-11-22 07:06:36
0,3,0,3372,2000-11-20 09:16:33
0,2,12,1029,2000-11-20 06:31:01
0,3,5,3294,2000-11-20 06:15:50
1,1,4,1616,2000-11-20 08:43:35
0,2,20,2279,2000-11-20 06:08:22
0,2,14,2436,2003-02-04 18:28:56
1,2,2,1828,2000-11-20 06:16:16
0,0,19,1171,2000-11-20 05:03:57
0,3,0,993,2000-11-20 07:13:08
1,1,4,16,2000-11-20 04:54:07
1,5,13,2437,2001-05-31 04:57:15
1,5,3,1566,2000-11-20 16:17:35
1,5,9,2789,2000-11-20 07:47:34
1,2,6,1710,2000-11-20 04:21:10
0,6,17,3367,2000-11-20 04:50:27
0,2,20,1462,2000-11-20 04:01:22
0,5,7,52,2000-11-22 17:39:15
0,5,13,2666,2000-11-20 04:15:35
1,2,14,3373,2000-11-20 04:00:14
0,4,17,1902,2000-11-20 04:30:22
0,2,1,1123,2000-11-20 03:51:12
0,1,4,2462,2000-11-20 04:09:28
0,6,6,3311,2000-11-20 04:51:24
0,6,17,424,2001-06-11 01:00:30
0,6,1,904,2000-11-20 03:35:16
0,5,13,2532,2000-11-20 03:29:23
0,2,17,3376,2000-11-20 03:58:48
0,5,6,960,2000-11-20 03:12:59
0,2,7,436,2000-11-20 03:10:36
0,2,20,2371,2000-11-20 03:00:11
0,1,4,2013,2000-11-20 06:04:24
0,3,17,1026,2000-11-20 02:59:10
0,3,2,1446,2000-11-20 03:04:16
0,2,1,1536,2001-03-03 11:31:52
0,2,0,2967,2000-11-20 06:42:40
1,3,3,802,2000-11-20 02:14:03
0,1,4,849,2001-04-03 05:32:28
0,5,1,414,2000-11-20 04:09:55
0,0,10,1697,2000-11-20 02:00:23
0,1,4,2877,2000-11-20 01:46:43
0,3,0,2751,2000-11-20 01:42:33
0,5,16,2015,2000-11-20 02:02:28
1,3,7,728,2000-11-22 13:09:31
0,4,0,698,2000-11-20 01:36:34
0,1,4,649,2000-11-20 01:10:09
0,5,1,1906,2001-03-01 20:46:23
0,4,6,3163,2000-11-19 23:48:44
0,5,14,433,2000-11-20 01:01:32
1,4,20,152,2000-11-19 23:41:46
1,4,2,473,2000-11-19 23:29:06
1,2,14,2174,2001-07-01 06:22:23
0,6,14,2593,2000-11-19 23:13:03
1,2,7,1200,2000-11-19 23:09:45
0,2,14,2540,2000-11-19 22:49:54
1,4,0,1103,2000-11-19 22:43:40
1,0,0,3147,2000-11-19 23:18:45
0,3,1,2749,2000-11-19 22:42:45
0,5,6,889,2000-11-19 22:05:55
1,5,0,192,2000-11-19 21:54:40
0,0,10,2083,2000-11-19 21:25:30
0,4,11,2180,2000-11-19 21:30:15
0,3,1,3150,2001-04-14 17:06:36
1,6,1,2095,2000-11-19 21:55:48
0,6,1,1922,2000-11-19 20:47:26
0,1,4,1235,2000-11-19 21:11:32
0,2,6,2575,2000-11-19 20:59:00
1,2,6,1552,2000-11-19 20:47:23
0,6,15,3188,2000-11-19 20:57:24
0,1,4,414,2000-11-19 20:54:14
1,2,4,192,2000-11-19 20:14:23
0,1,4,3360,2002-05-25 21:37:06
0,0,10,1141,2000-12-07 04:47:25
0,2,11,2540,2000-11-19 19:51:56
0,1,17,188,2000-11-19 20:00:08
0,0,19,944,2000-12-12 03:40:40
0,1,4,86,2000-11-19 19:49:44
0,3,14,2556,2000-11-19 19:32:06
0,2,0,1624,2000-11-19 19:32:47
0,3,17,1960,2001-07-11 21:40:54
0,1,0,1855,2000-11-19 19:39:47
0,3,2,2349,2000-11-21 23:26:31
0,6,13,3112,2000-11-19 19:24:33
1,1,0,3132,2000-11-19 19:04:20
0,3,12,141,2001-01-11 06:51:47
0,4,15,507,2000-11-19 18:56:18
0,2,1,464,2000-12-02 08:27:34
0,0,10,2343,2000-11-19 18:44:45
0,6,13,1353,2002-03-02 17:59:51
1,4,12,1767,2000-11-19 18:06:19
0,2,6,2723,2000-11-19 17:52:39
0,3,17,3173,2000-11-19 18:02:11
0,6,13,1662,2000-11-19 17:55:06
0,2,14,2429,2000-11-21 23:41:30
1,3,0,2084,2000-11-19 16:50:18
0,6,14,3113,2000-11-19 16:50:45
1,4,1,2923,2000-11-19 16:11:15
0,4,0,2731,2000-11-19 16:15:16
0,6,14,3113,2000-11-19 16:19:10
1,0,10,2167,2000-11-19 16:04:21
0,1,10,1208,2000-11-19 16:42:59
0,5,1,2350,2000-11-19 15:58:49
1,0,10,1398,2000-11-28 01:09:09
1,1,4,1280,2000-11-19 14:59:27
1,5,3,2782,2000-11-19 15:25:06
1,5,16,2032,2000-11-19 14:29:38
1,4,14,3208,2000-11-19 13:38:18
1,1,0,1142,2000-11-19 10:40:05
0,2,0,168,2000-11-19 10:03:38
1,1,4,1493,2000-11-21 19:02:31
0,6,13,2297,2000-11-19 10:01:51
0,1,4,2491,2000-11-19 09:54:22
0,2,12,1778,2000-11-19 09:44:10
1,0,10,2333,2000-11-19 09:33:18
1,5,14,1639,2001-04-29 08:19:31
1,1,19,2521,2000-11-19 09:03:28
0,1,0,1859,2000-11-19 08:37:26
0,0,0,1780,2000-11-19 07:22:49
1,2,4,2656,2000-11-19 06:25:10
1,6,1,2576,2000-11-19 06:43:53
0,1,4,671,2000-11-19 06:23:52
0,0,10,1798,2000-11-19 06:23:43
0,1,4,780,2000-11-19 08:27:21
0,0,10,1386,2001-05-15 23:46:52
0,2,12,1852,2000-11-19 06:01:12
1,2,1,3337,2000-11-19 06:03:48
1,3,9,405,2000-11-19 06:15:21
0,3,1,1912,2000-11-19 05:40:15
0,6,20,3208,2000-11-19 05:59:04
1,0,10,709,2000-11-19 06:06:39
0,6,3,1534,2000-11-19 05:14:13
0,1,4,778,2000-11-19 05:06:07
0,3,7,1099,2000-11-19 05:09:30
0,4,17,1053,2002-02-21 04:35:53
1,2,0,1240,2000-11-30 05:20:21
1,2,1,2575,2000-11-19 05:31:23
1,2,20,374,2000-11-19 04:38:57
0,0,10,2898,2000-11-19 04:23:38
0,3,17,2382,2000-11-19 17:20:36
1,5,3,1780,2000-11-19 04:17:21
0,2,12,635,2000-11-19 03:54:06
1,2,7,1940,2000-11-19 21:15:19
0,5,14,1912,2000-11-19 04:25:28
0,2,12,635,2000-11-19 03:38:16
0,4,0,549,2000-11-19 03:45:46
0,6,1,961,2000-11-19 03:14:49
0,0,10,2990,2000-11-19 03:33:14
1,2,4,1549,2000-11-19 03:23:15
0,4,12,567,2000-11-19 04:08:12
0,4,2,2943,2000-11-19 03:32:43
0,0,10,1763,2000-11-19 03:14:37
0,2,5,2012,2000-11-19 03:25:46
0,1,19,2517,2000-11-19 03:18:33
1,1,1,1485,2000-11-19 02:47:07
1,5,0,405,2000-11-19 02:36:41
0,3,5,2248,2000-11-19 02:47:56
1,4,15,601,2000-11-19 01:47:25
1,1,4,51,2000-11-19 01:40:56
1,2,20,37,2000-11-19 00:17:22
1,6,13,1635,2000-11-18 22:18:44
1,3,1,1136,2000-11-18 22:10:23
1,4,0,2489,2001-02-11 17:18:00
0,2,6,1331,2000-11-18 19:54:01
0,1,2,1823,2000-11-18 18:34:47
0,6,7,1012,2000-11-18 18:30:47
1,4,9,3258,2000-11-18 17:44:59
0,5,17,219,2000-11-19 01:01:02
0,6,6,1745,2000-11-20 06:03:16
0,4,11,1595,2000-11-18 14:58:14
0,3,18,225,2000-11-18 09:36:53
0,2,20,1647,2000-11-18 08:21:34
1,0,10,1292,2000-11-18 06:42:15
0,3,17,967,2000-11-18 06:54:37
0,6,0,2717,2000-11-18 06:00:17
1,5,1,1597,2000-11-18 05:25:58
0,4,1,1993,2000-11-18 04:48:56
0,5,15,1293,2000-11-18 04:33:18
0,6,13,711,2000-11-18 02:46:21
0,4,11,2360,2000-11-18 02:51:25
1,2,6,3199,2000-11-18 01:37:11
0,6,13,606,2000-11-18 01:38:23
1,1,10,1292,2000-11-18 00:01:19
0,6,13,839,2000-11-18 00:28:00
1,2,12,2566,2000-11-17 23:15:24
0,5,20,1595,2000-11-17 22:45:20
1,1,4,3202,2000-11-17 22:42:23
1,4,16,1714,2000-11-17 21:27:34
1,2,4,1965,2000-11-17 20:05:40
0,4,0,3257,2000-11-17 20:00:16
1,5,6,1714,2000-11-17 19:19:07
1,2,1,192,2000-11-17 19:10:54
0,6,7,895,2000-11-17 18:39:39
1,4,9,2754,2000-11-17 23:56:32
0,6,7,895,2000-11-17 18:18:50
0,3,7,1595,2000-11-17 17:55:47
1,6,13,815,2000-11-17 14:53:37
0,3,17,2177,2000-11-17 06:30:28
1,1,4,1885,2000-11-17 06:24:34
0,1,4,2778,2000-11-17 06:04:06
0,1,10,1974,2000-11-17 05:53:19
0,6,7,589,2000-11-17 05:31:21
1,6,15,1903,2000-11-17 05:14:07
0,6,1,1595,2000-12-16 00:25:11
0,6,14,913,2001-11-12 03:55:35
0,5,6,3258,2001-03-11 17:35:48
0,5,17,414,2000-11-17 03:40:10
0,3,18,1751,2000-11-17 03:07:22
0,3,17,2642,2000-11-17 03:17:47
1,6,3,606,2000-11-17 02:49:24
0,6,1,192,2000-11-17 02:24:00
0,3,3,487,2002-12-29 23:04:19
1,4,1,458,2000-11-17 01:32:42
0,3,16,1325,2000-11-17 00:20:46
1,0,10,815,2000-11-17 00:47:55
0,3,1,2400,2000-11-16 23:51:58
0,3,11,2345,2000-11-16 20:28:20
1,5,16,1800,2000-11-16 16:47:41
1,3,14,1427,2000-11-16 19:46:06
1,6,6,1297,2000-11-16 16:24:07
0,6,13,2474,2002-02-27 21:57:19
0,5,6,192,2000-12-14 20:51:14
0,6,7,839,2000-11-16 15:17:02
0,2,14,2436,2002-12-23 00:14:17
0,5,14,2309,2000-11-16 08:39:46
1,6,9,1952,2000-11-16 05:11:42
0,5,7,1956,2000-11-16 05:14:12
1,4,16,1716,2000-11-16 04:15:15
1,2,9,2642,2000-11-16 04:39:25
0,3,14,2066,2000-11-16 03:25:12
0,5,1,907,2000-11-18 02:47:20
1,3,7,2717,2000-11-16 04:04:52
1,4,7,1367,2000-11-20 01:29:20
0,4,7,1124,2000-11-16 02:55:18
1,5,7,676,2000-11-16 02:25:51
0,3,0,2625,2000-11-16 01:41:12
0,1,18,2383,2000-11-16 01:29:43
1,3,9,38,2000-11-16 00:25:13
0,5,13,51,2000-11-15 23:49:48
0,3,17,3302,2000-11-15 20:55:07
1,4,2,913,2000-11-15 19:42:56
1,2,0,2066,2000-11-15 19:30:00
0,2,17,3125,2000-11-15 19:16:04
0,6,5,2717,2000-11-15 17:50:40
1,2,6,1726,2002-02-24 02:29:46
0,5,18,548,2000-11-15 16:01:59
1,6,3,2066,2000-11-15 15:55:17
0,3,6,1624,2000-11-16 08:19:28
1,1,0,607,2000-11-15 14:42:34
1,3,11,888,2000-11-16 07:03:50
0,3,17,39,2000-11-15 07:35:18
1,2,16,65,2000-11-15 06:37:56
0,2,4,292,2000-11-15 06:06:37
0,1,7,575,2000-11-15 05:45:59
0,5,8,2645,2000-11-18 04:20:09
1,4,1,701,2000-11-15 04:33:04
0,6,13,886,2000-11-15 02:26:18
1,6,7,745,2000-11-15 02:03:26
0,2,7,2358,2001-06-17 04:16:55
0,4,7,774,2000-11-18 08:37:40
0,4,1,3048,2000-11-15 01:04:16
1,0,10,1297,2000-11-15 01:22:18
0,5,7,611,2000-11-15 00:18:18
0,3,7,1198,2000-11-14 23:51:09
1,5,9,2718,2000-11-14 23:41:25
1,4,9,31,2000-11-14 23:26:16
1,3,14,2296,2000-11-15 00:28:06
0,6,0,2738,2000-11-14 21:21:33
0,4,17,2105,2000-11-22 19:33:14
0,2,4,1965,2000-11-14 20:05:49
1,2,4,1123,2000-11-14 19:50:49
0,2,4,1123,2000-11-14 20:40:33
0,2,4,1123,2000-12-09 22:47:47
0,2,4,292,2000-11-14 20:05:25
0,2,4,3199,2000-11-16 07:31:40
0,4,17,815,2000-11-14 20:20:52
0,5,17,24,2000-11-14 19:12:11
1,4,6,13,2000-11-14 18:56:17
0,3,17,2007,2000-11-14 18:35:02
1,3,0,2152,2000-11-14 18:22:41
0,2,14,2505,2000-11-14 17:25:32
0,3,6,1438,2000-11-14 18:18:04
0,6,13,733,2000-11-14 16:03:20
0,4,16,2578,2000-11-14 15:33:19
0,4,7,913,2000-11-14 11:56:21
1,5,1,680,2000-11-14 05:47:22
1,1,4,2298,2000-11-14 03:59:12
0,0,10,564,2000-11-14 02:35:40
0,2,4,10,2000-11-14 02:03:52
0,3,18,2262,2000-11-14 01:28:58
0,5,13,2614,2001-05-25 18:46:27
0,2,12,1958,2000-11-13 23:21:42
0,2,12,288,2000-11-22 23:03:15
1,2,18,2307,2000-11-13 23:08:59
0,5,12,991,2000-11-13 23:22:46
0,4,0,1969,2000-11-14 00:26:11
1,2,1,584,2000-11-13 22:57:24
1,1,20,2765,2000-11-13 22:48:03
1,5,3,314,2000-11-13 22:35:39
0,6,13,1481,2000-11-13 22:21:58
0,4,7,2405,2000-11-13 21:29:30
1,4,2,1137,2000-11-13 21:20:10
0,2,12,2890,2000-11-13 20:09:15
1,4,2,762,2000-11-13 15:59:08
0,4,2,91,2001-02-09 23:02:49
0,1,4,606,2000-11-13 08:48:22
1,1,4,933,2000-11-13 08:31:09
0,5,0,1016,2000-11-13 06:46:17
0,2,15,1624,2001-07-21 20:49:14
0,6,13,839,2000-11-13 05:30:03
0,2,7,1327,2001-12-08 18:51:09
1,3,3,1636,2000-11-13 02:32:57
0,2,5,1016,2000-11-13 02:17:15
0,2,7,519,2000-11-13 02:05:31
0,2,7,2467,2000-11-17 19:22:22
1,4,14,1016,2000-11-13 01:33:24
0,6,1,733,2000-11-13 01:37:43
0,6,14,733,2000-12-25 16:20:18
0,4,12,2914,2000-11-13 01:21:01
1,4,6,3029,2000-11-13 01:12:17
1,3,9,835,2000-11-13 01:23:40
0,2,7,2752,2000-11-13 01:04:31
1,4,2,1433,2000-11-13 00:35:00
1,6,2,2480,2000-12-14 06:25:05
0,3,17,2642,2000-11-13 00:17:25
0,1,11,2663,2000-11-12 23:44:15
1,6,9,2865,2000-11-12 23:28:26
1,3,1,733,2000-11-12 23:28:44
0,3,15,1016,2000-11-12 21:47:15
0,6,0,733,2000-12-14 16:54:32
0,1,0,1969,2000-11-12 20:47:14
1,4,7,606,2000-11-12 20:23:23
1,6,13,1772,2000-11-12 20:41:00
1,5,6,733,2000-11-19 16:11:57
1,6,2,390,2001-07-23 07:00:33
0,6,13,2705,2000-11-12 23:19:39
0,6,13,1624,2000-11-12 19:31:33
0,3,7,427,2000-11-12 18:18:50
1,4,13,733,2000-11-12 18:00:47
1,3,0,1969,2000-11-12 17:48:31
0,6,13,2705,2000-11-15 05:22:16
1,3,6,1071,2000-11-12 15:43:02
0,6,13,611,2000-11-12 15:06:38
0,5,7,2540,2000-11-12 14:10:34
0,2,12,3051,2000-11-12 09:54:18
1,2,9,302,2000-11-12 05:32:09
0,2,7,302,2000-11-12 05:03:00
0,2,1,3106,2000-11-25 02:53:39
0,2,4,3124,2000-11-12 04:14:16
1,1,19,1506,2000-11-17 10:15:02
0,6,17,3035,2000-11-12 03:23:04
1,4,6,2815,2000-11-12 02:46:02
0,2,15,3092,2001-01-06 23:23:04
0,4,13,2641,2000-11-11 21:41:58
0,2,17,492,2000-11-11 11:47:48
0,4,0,2121,2000-11-11 05:13:59
1,6,14,1522,2000-11-11 05:32:28
0,3,17,2784,2000-11-18 22:11:56
0,4,16,3323,2000-11-11 04:17:34
0,5,6,45,2000-12-05 03:13:10
0,2,7,3065,2000-11-26 19:25:44
0,5,7,3291,2000-11-11 01:51:54
0,3,15,351,2000-11-10 23:29:51
1,4,1,2715,2000-11-10 23:07:43
1,2,1,3043,2000-11-10 21:39:56
1,6,1,1551,2000-11-12 00:56:05
0,2,20,908,2000-11-10 17:26:09
0,3,7,149,2000-11-22 06:03:15
1,6,13,32,2000-11-10 16:06:54
0,1,1,2580,2000-11-10 06:26:12
0,3,7,1803,2003-01-03 19:03:07
0,5,7,2701,2000-11-10 00:34:37
1,5,0,2634,2001-09-05 22:48:03
0,2,17,110,2000-12-25 22:03:52
0,2,14,1246,2000-11-09 23:27:58
0,3,16,2896,2000-11-09 23:45:52
0,4,12,1102,2000-11-09 18:17:23
0,2,17,1088,2000-11-09 16:45:15
0,2,0,2818,2000-11-16 16:20:16
0,5,7,3158,2000-11-09 05:47:38
1,6,0,3184,2000-11-09 02:12:28
0,4,7,1855,2000-11-09 01:15:30
1,4,3,2991,2000-11-08 21:48:33
0,3,1,2911,2000-11-08 21:17:03
0,2,7,496,2000-11-08 18:59:16
0,2,7,209,2000-11-08 18:59:47
0,3,7,489,2000-11-08 16:52:20
1,4,15,1453,2000-11-08 14:51:18
1,1,4,563,2000-11-08 06:50:20
0,3,12,1224,2000-11-08 06:44:25
1,3,6,2365,2000-11-08 02:58:46
0,6,1,385,2000-11-08 03:11:25
0,6,1,2504,2001-01-23 06:33:11
1,1,5,2274,2000-11-07 20:40:25
1,5,1,1433,2000-11-07 18:29:29
0,6,0,1251,2000-11-07 18:16:10
1,3,9,1653,2000-11-07 18:05:37
0,3,0,2256,2000-11-07 11:19:31
0,1,12,3024,2001-07-01 23:36:35
1,3,20,513,2000-11-08 07:08:30
1,2,6,2904,2000-11-07 06:35:56
0,3,12,2160,2000-11-07 06:15:12
0,2,0,1977,2001-02-25 02:15:27
0,1,15,2533,2000-11-07 03:44:19
0,4,17,2744,2000-11-07 02:59:06
1,3,11,2386,2000-11-07 02:52:37
0,4,7,699,2001-11-08 05:03:54
0,3,20,640,2000-11-06 20:27:48
0,2,7,1124,2000-11-06 21:10:56
0,3,7,666,2002-01-03 17:35:41
1,0,10,2883,2000-11-14 05:17:07
0,2,7,972,2000-11-06 06:19:13
0,6,17,806,2000-11-06 01:19:32
0,6,13,1246,2000-11-06 00:28:01
0,2,17,457,2000-11-05 23:18:22
0,4,16,1407,2000-11-05 20:40:41
1,3,6,954,2000-11-05 19:39:08
1,3,12,1359,2000-11-05 17:22:07
0,3,7,2783,2000-11-05 16:31:19
0,3,7,475,2000-12-02 14:33:05
0,3,18,2356,2000-11-05 08:57:58
1,3,7,1762,2000-11-05 05:59:20
0,2,6,1717,2000-11-05 05:08:13
0,2,0,3010,2000-11-04 23:21:49
0,0,10,2757,2000-11-05 09:24:58
0,2,7,793,2000-11-04 15:31:57
0,1,4,1647,2000-11-04 06:49:11
0,3,11,2083,2000-11-04 06:07:07
0,2,7,793,2000-11-04 05:35:20
1,5,17,244,2000-11-04 05:04:10
1,2,2,1722,2000-11-04 05:04:05
0,4,6,1708,2000-11-05 04:12:52
0,3,11,3242,2000-11-04 03:05:53
0,6,13,3168,2000-11-04 03:05:25
0,2,1,3389,2000-11-04 02:43:32
1,2,1,3389,2000-11-04 02:27:40
0,6,13,464,2000-11-18 00:51:22
0,2,7,3320,2000-11-04 00:49:45
1,2,0,1264,2000-11-04 00:23:03
0,3,17,1231,2000-11-03 23:46:49
1,2,4,3118,2000-11-04 00:25:50
1,1,19,1868,2000-11-08 02:50:51
0,2,7,532,2000-11-03 23:32:08
0,1,4,3021,2000-11-03 23:29:00
1,5,4,1236,2001-12-11 02:40:07
1,5,4,2001,2000-11-03 23:38:53
0,2,4,181,2000-11-03 23:38:43
0,3,0,2141,2000-11-03 22:35:39
0,4,14,2482,2000-11-03 21:06:25
0,3,7,309,2000-11-03 20:56:32
1,2,9,2299,2000-11-06 17:58:43
0,3,7,1379,2000-11-03 19:02:16
0,4,11,472,2000-11-03 18:20:48
0,2,11,2061,2000-11-03 18:28:39
0,3,12,84,2000-11-03 17:37:36
0,5,7,2182,2000-11-03 16:59:51
0,4,17,1397,2000-11-03 09:32:47
0,4,17,2690,2000-11-03 08:54:11
0,2,7,1123,2000-11-03 07:02:13
1,3,7,656,2000-11-03 06:16:11
0,2,14,2663,2000-11-03 05:36:12
0,5,14,738,2000-11-03 03:30:08
0,2,12,1488,2001-03-19 23:59:07
0,3,7,2056,2000-11-02 21:43:54
0,6,8,2824,2000-11-02 19:17:18
0,2,7,576,2000-11-02 15:46:56
0,6,0,388,2003-01-04 14:45:32
0,5,16,1400,2000-12-14 23:13:36
1,1,4,1595,2000-11-02 17:24:15
0,2,0,2825,2000-11-02 01:45:42
0,2,17,2985,2000-11-03 00:20:27
0,3,1,2452,2001-03-06 18:29:52
0,3,2,2168,2000-11-01 11:25:35
1,1,4,1565,2001-01-14 05:38:56
0,2,17,920,2000-10-31 21:49:57
1,1,4,916,2000-10-31 21:09:14
0,4,17,3024,2000-10-31 20:47:04
0,1,4,1431,2000-10-31 01:45:22
0,6,7,3148,2001-03-27 01:13:01
1,2,7,258,2000-10-30 05:34:19
0,3,20,691,2000-10-30 03:16:32
0,1,0,3221,2000-10-30 02:50:13
1,1,4,1197,2000-10-30 01:03:11
0,3,20,1195,2002-02-11 21:43:25
0,6,19,2066,2000-10-29 04:32:03
0,0,10,810,2001-05-05 01:45:16
0,2,19,271,2000-10-28 21:23:18
0,2,20,2503,2000-10-28 04:01:51
0,3,17,3351,2000-10-30 01:28:22
0,2,7,3374,2000-10-28 00:32:47
0,3,12,366,2000-10-27 22:54:46
0,4,14,2199,2000-10-27 18:25:18
0,1,20,1195,2000-10-27 17:10:30
0,5,7,2870,2000-11-02 15:17:53
0,2,4,1506,2000-10-27 08:24:17
0,2,17,208,2000-10-27 01:48:53
0,1,4,1741,2001-07-16 06:56:15
0,4,20,512,2000-10-26 23:14:33
0,3,7,3014,2000-10-31 00:16:50
0,2,0,1793,2000-10-27 20:26:10
0,2,15,765,2000-10-26 22:01:12
0,3,1,667,2000-10-26 21:40:06
0,3,20,1240,2000-10-26 18:54:39
0,2,12,2763,2000-10-26 18:47:56
0,1,1,1422,2000-10-26 17:46:03
0,2,17,2870,2000-10-26 17:28:17
0,3,17,1476,2000-10-26 11:36:02
1,2,4,322,2000-10-26 10:31:19
0,2,4,2798,2000-10-26 05:23:05
0,1,20,1698,2000-10-26 00:18:32
1,2,7,3291,2000-10-25 23:49:59
0,0,1,3223,2000-10-26 00:02:57
0,2,4,2498,2000-10-25 23:46:46
0,3,11,777,2000-10-25 23:37:53
1,0,10,2810,2000-11-14 06:26:45
0,2,15,1158,2000-10-25 22:57:12
0,4,7,1341,2000-10-25 22:59:51
1,3,3,301,2000-10-25 21:33:35
1,2,6,1913,2000-10-25 20:22:29
0,4,17,2886,2000-10-25 11:02:51
0,5,17,531,2000-10-25 05:09:00
1,2,14,2833,2000-10-25 01:02:08
0,2,2,512,2000-10-24 21:59:29
0,3,1,2344,2000-12-15 15:58:02
0,1,4,952,2000-10-24 02:36:59
1,2,12,730,2000-10-23 03:16:27
1,5,3,1888,2000-10-30 00:40:09
0,1,4,891,2000-10-21 21:04:20
1,1,4,1996,2000-10-20 05:39:54
0,2,4,1758,2001-01-27 07:31:12
0,2,1,847,2000-10-20 02:44:52
0,2,12,2033,2000-10-18 12:03:41
0,2,4,364,2001-03-10 22:25:33
0,3,19,1992,2000-10-18 05:42:12
0,1,2,556,2000-10-17 22:02:51
1,2,4,1428,2001-12-18 16:09:07
1,1,4,1595,2000-10-17 17:51:25
0,2,4,1148,2000-10-17 09:10:54
0,2,7,3099,2000-12-19 17:26:49
0,2,0,619,2000-11-15 00:43:56
0,2,2,1585,2000-10-16 15:24:47
0,2,17,1668,2000-10-16 01:58:18
0,3,12,2425,2000-10-15 18:32:48
1,1,4,2609,2000-10-15 09:50:20
1,2,4,584,2001-04-03 00:18:42
0,2,12,464,2000-10-14 23:12:08
0,5,17,1172,2000-10-14 18:43:49
0,2,12,625,2000-10-14 04:47:20
1,1,4,271,2000-11-04 01:22:07
0,2,0,3387,2000-10-12 19:41:47
1,3,17,1301,2000-10-12 00:36:45
0,1,14,2501,2000-10-25 07:07:08
0,2,17,1239,2000-10-11 05:35:10
0,1,0,3055,2000-10-11 02:58:44
1,3,14,1231,2000-10-11 01:42:49
0,2,20,2888,2000-10-11 01:24:16
0,1,2,267,2000-10-11 00:10:30
0,2,12,738,2000-10-10 19:53:58
0,1,4,1595,2000-10-10 20:06:33
0,2,7,1566,2000-10-10 04:27:34
0,3,17,1297,2000-10-10 04:09:57
0,1,4,1595,2000-10-10 03:34:57
0,5,17,2532,2000-10-10 02:51:43
1,1,4,1595,2000-10-10 00:22:57
0,2,17,1253,2002-01-14 15:53:04
1,3,4,1714,2000-10-09 22:33:29
0,1,4,1595,2000-10-09 16:35:45
0,2,4,1595,2000-10-09 07:25:48
1,1,4,711,2000-10-09 06:16:29
1,1,4,1595,2000-10-08 19:13:11
0,3,2,2296,2000-10-18 04:12:12
0,4,6,3062,2000-10-07 22:51:44
0,2,4,1675,2000-10-07 19:42:28
0,1,4,140,2000-10-07 22:28:24
0,2,4,815,2000-10-07 01:03:02
0,1,4,3335,2000-11-10 18:01:04
1,1,6,3231,2000-11-23 03:19:15
0,5,1,815,2001-11-14 15:55:43
0,1,4,727,2000-10-05 09:20:19
0,1,19,3224,2000-10-05 13:51:08
1,2,1,1141,2001-01-11 04:55:11
0,1,15,1079,2000-10-05 22:45:20
0,1,4,3255,2000-10-22 16:28:31
0,1,4,160,2000-10-03 22:27:08
1,3,3,1487,2000-10-03 04:28:17
0,2,1,2870,2002-07-10 04:42:11
0,6,6,3020,2000-11-26 20:46:25
0,1,12,2649,2000-10-02 20:44:19
0,5,12,1773,2000-10-02 19:51:23
1,4,15,3024,2000-10-02 20:16:53
1,2,7,2553,2000-10-02 10:36:19
0,1,4,3233,2000-10-02 06:03:56
0,3,1,1714,2000-10-01 02:14:16
1,1,1,3309,2000-09-30 07:00:50
1,2,7,1315,2000-10-08 04:17:27
1,2,2,1343,2000-09-30 02:13:30
1,5,3,264,2000-09-29 23:04:03
0,2,8,1113,2000-09-29 21:56:07
0,6,1,2067,2000-09-29 21:38:53
0,1,2,925,2000-09-29 20:45:29
0,0,4,354,2000-09-29 03:47:53
1,2,4,1791,2000-09-30 02:03:34
0,1,2,1603,2000-09-29 02:31:05
1,5,0,304,2000-09-29 02:31:46
0,3,12,847,2000-09-29 01:21:06
0,3,12,1195,2000-09-29 01:23:19
0,3,0,2658,2000-09-30 01:04:45
1,3,1,2266,2000-09-27 05:27:22
0,4,2,3001,2000-09-27 05:48:00
0,1,4,773,2000-09-27 04:58:37
0,1,4,773,2000-09-27 04:24:38
0,3,17,3372,2000-09-27 21:01:14
0,1,4,121,2000-09-26 23:25:09
1,3,9,1762,2000-09-26 20:42:29
1,1,4,2092,2000-09-26 07:46:59
0,2,1,3155,2000-09-26 06:34:37
0,2,0,1733,2000-09-26 04:37:17
0,3,17,736,2000-09-25 06:10:12
0,1,4,1994,2000-09-25 00:45:17
1,3,1,472,2001-07-06 17:58:41
1,2,1,2823,2001-02-04 19:59:02
1,5,0,2435,2000-09-24 05:55:43
0,2,16,2186,2000-09-24 02:57:27
1,2,4,1794,2000-09-24 01:26:11
0,4,16,2251,2001-12-30 08:32:19
0,2,2,3181,2000-10-31 02:18:00
1,2,0,746,2000-09-23 00:58:36
0,3,15,2520,2000-09-22 22:30:39
0,3,0,1134,2000-09-22 22:17:13
1,2,5,3070,2000-12-09 02:21:47
0,2,4,1487,2000-09-28 01:17:36
1,2,6,1581,2000-09-22 06:12:23
0,2,12,19,2000-09-22 00:48:37
0,2,20,2301,2000-09-21 23:03:56
0,1,17,1164,2000-09-21 21:28:53
0,2,0,300,2003-02-12 23:36:43
0,2,17,2218,2000-09-21 07:29:36
1,2,11,888,2001-01-08 01:50:14
0,2,10,1143,2003-01-19 06:47:17
0,3,17,944,2000-10-07 07:27:28
0,2,12,2768,2000-09-20 18:58:23
0,3,0,479,2000-09-20 01:17:17
0,4,1,2016,2001-11-02 00:02:18
0,1,4,1143,2000-09-25 19:54:43
1,2,7,2826,2000-09-19 04:14:54
0,2,12,2030,2000-09-19 02:12:55
0,2,2,2915,2000-09-18 20:26:48
1,2,0,2870,2000-09-18 23:22:44
0,2,7,1383,2000-09-18 07:12:11
1,2,2,3085,2000-09-18 03:15:03
0,3,7,3190,2000-09-17 07:26:22
0,1,4,1031,2000-09-16 19:54:44
1,2,4,3102,2000-09-16 01:10:23
0,2,11,2489,2000-09-16 00:18:19
0,6,13,382,2000-09-15 20:13:17
0,2,14,2871,2000-09-15 19:07:39
0,2,20,3233,2000-09-16 16:08:05
1,2,7,509,2000-09-15 03:37:41
0,2,0,723,2002-04-16 00:46:49
0,1,4,2214,2000-09-14 20:24:33
1,2,3,2791,2002-04-08 21:41:57
0,1,4,121,2002-04-17 07:03:23
1,2,4,163,2000-09-14 07:55:35
0,2,7,1487,2000-09-14 05:20:16
0,3,7,761,2001-06-02 16:12:49
0,2,17,1364,2000-09-13 23:39:08
0,2,7,2764,2000-09-14 02:27:55
0,2,1,2674,2000-09-13 18:37:25
0,1,12,1461,2000-09-13 16:23:13
0,3,7,688,2000-09-13 16:05:01
0,1,4,1549,2000-09-13 09:07:17
1,3,5,3369,2000-09-13 05:51:08
0,2,0,2451,2000-09-13 03:59:09
0,2,12,894,2000-09-13 00:27:13
1,1,14,1524,2000-10-26 22:41:58
0,3,16,324,2000-09-13 19:54:57
0,2,17,2862,2000-09-14 01:05:54
1,2,6,1547,2001-07-11 05:18:40
1,1,20,3322,2000-09-12 19:21:36
0,2,12,3329,2000-09-12 20:16:42
0,1,7,1739,2000-09-11 22:30:56
0,5,1,3231,2000-09-11 22:20:36
0,3,12,2240,2000-09-11 16:02:36
0,6,13,1672,2000-09-11 15:18:16
0,0,17,2456,2000-09-11 08:48:53
0,2,15,1129,2001-01-09 04:32:42
0,4,16,2027,2000-09-10 09:32:46
0,3,7,1210,2000-09-10 10:29:44
0,5,16,542,2000-09-17 16:42:47
1,2,17,1692,2000-09-10 01:37:52
1,6,7,33,2000-09-09 19:34:23
1,5,13,2024,2000-09-09 05:15:23
0,6,6,2418,2000-09-09 02:09:47
0,3,7,1242,2000-09-09 01:28:16
0,2,0,2080,2000-09-08 23:35:12
0,3,7,2331,2000-09-08 23:08:19
0,2,20,324,2000-09-08 23:10:04
0,1,0,1226,2000-09-08 22:00:09
0,3,12,335,2000-09-08 07:04:32
1,0,0,1659,2000-09-08 01:43:19
0,1,4,3,2000-09-07 23:59:06
0,1,15,650,2000-09-07 23:46:02
0,3,7,1101,2000-09-07 23:53:45
0,3,7,1220,2000-09-07 22:40:07
1,2,12,1323,2000-09-07 23:44:48
1,5,0,1393,2000-09-07 20:37:46
1,1,4,1656,2000-09-07 10:18:39
0,1,2,2697,2000-09-07 09:40:37
0,3,15,361,2000-09-07 08:18:55
1,2,7,1544,2000-09-07 08:16:48
1,2,4,1129,2000-09-07 06:46:34
0,3,17,92,2000-09-07 04:57:06
0,5,0,1306,2000-09-07 04:33:05
1,3,6,8,2000-09-07 02:06:57
1,2,15,1976,2000-09-07 01:25:13
0,2,15,1902,2000-09-26 00:17:23
0,2,14,2281,2000-09-07 00:42:18
0,4,6,1934,2001-04-07 22:37:47
0,2,14,3066,2003-01-01 00:26:35
1,2,1,3323,2000-09-06 08:01:02
0,2,4,322,2000-09-06 23:55:45
0,2,12,376,2000-11-25 00:46:17
1,1,20,598,2000-09-06 03:24:45
0,3,7,1587,2000-09-06 02:30:31
0,3,7,1722,2000-09-06 00:50:03
0,2,20,3066,2000-09-05 23:06:36
0,3,7,324,2000-10-15 18:15:58
0,4,3,1571,2000-09-05 16:49:43
0,2,6,414,2000-09-05 04:47:25
1,3,7,2021,2000-09-05 02:42:55
0,6,13,1940,2000-09-05 01:06:41
0,2,14,920,2001-01-18 22:00:47
0,4,6,1703,2000-09-04 22:08:20
1,2,7,2365,2000-09-04 19:05:46
0,4,14,829,2000-09-05 07:34:14
0,1,4,1395,2000-09-04 16:20:21
0,1,18,23,2000-09-04 12:05:59
0,1,14,872,2000-09-04 11:59:14
0,0,10,1214,2000-09-04 09:19:22
0,2,17,2798,2000-09-04 04:41:20
0,6,17,1082,2000-09-03 23:03:21
0,4,14,2461,2000-09-03 20:19:53
0,5,6,2379,2000-09-03 17:55:10
0,4,14,1063,2000-09-03 17:03:43
0,0,19,3212,2000-09-03 03:25:00
0,6,13,1683,2000-09-03 00:03:32
0,3,1,2198,2000-09-02 21:23:43
1,1,4,2500,2000-09-02 20:30:01
0,3,17,2938,2000-09-02 19:28:47
1,3,14,2090,2000-09-02 19:18:33
0,4,7,1519,2000-12-30 04:49:26
1,3,1,1162,2000-09-02 04:40:28
0,2,0,3148,2000-09-01 23:22:07
0,2,4,1184,2000-09-01 23:30:03
0,4,16,151,2000-09-01 20:26:37
0,2,17,1768,2000-09-01 18:55:07
1,2,5,2266,2000-09-01 08:26:46
1,1,4,2212,2000-09-01 06:46:03
0,3,0,1964,2000-09-01 06:12:07
1,3,7,107,2000-09-01 00:32:22
0,4,16,3369,2000-08-31 23:04:33
1,1,0,2529,2000-08-31 21:51:28
1,1,5,1637,2000-08-31 21:31:03
0,3,0,2103,2000-08-31 20:52:36
0,2,7,683,2000-08-31 18:18:41
0,2,1,2655,2000-09-26 08:57:00
0,2,18,575,2000-08-31 07:38:31
0,2,20,2392,2002-04-30 05:39:10
1,2,0,3080,2000-08-31 06:57:12
1,2,0,2459,2000-08-31 01:08:15
0,3,14,1527,2000-09-04 00:02:08
0,2,14,1372,2003-01-06 16:27:37
0,4,18,153,2000-08-30 15:15:10
0,6,13,1461,2000-08-30 06:09:01
0,1,16,2724,2000-08-30 05:34:38
0,2,4,245,2000-08-30 03:35:19
0,3,16,2108,2000-08-30 01:26:23
0,3,1,848,2000-08-30 01:09:04
0,2,0,3105,2000-08-29 22:23:34
1,0,10,3145,2000-08-29 20:51:01
0,6,16,2816,2000-08-29 20:01:46
1,2,9,1894,2000-08-29 19:06:35
1,2,1,3080,2000-08-29 06:39:07
0,5,6,1591,2000-08-29 02:48:25
0,2,7,1916,2000-08-29 04:18:47
0,2,12,976,2000-08-28 21:03:58
0,2,5,1143,2000-08-28 19:56:03
0,1,20,2448,2000-08-28 19:39:47
0,2,8,2198,2000-08-28 04:26:00
0,3,14,1900,2000-11-14 04:00:43
1,2,7,2479,2000-08-28 04:07:44
1,4,5,1854,2000-08-28 03:28:26
0,2,4,2330,2000-08-28 03:13:51
1,1,2,3087,2000-08-27 20:47:34
0,4,7,2935,2000-08-28 00:46:10
0,2,6,1902,2000-11-30 07:29:32
0,2,14,143,2000-08-27 06:01:47
1,2,7,764,2000-08-27 05:22:22
1,4,6,1217,2000-08-27 04:11:21
0,1,12,1511,2002-03-23 19:24:27
1,2,0,230,2001-03-30 18:40:52
1,2,0,420,2000-08-27 18:40:23
0,1,17,1807,2000-08-26 22:57:30
0,6,17,2725,2000-08-26 21:25:50
1,3,17,403,2000-08-26 18:40:40
0,2,7,1283,2000-08-26 07:25:23
0,2,12,2644,2000-08-26 07:51:32
1,1,3,407,2000-08-26 05:16:33
0,2,14,2702,2000-08-26 04:54:14
1,2,11,1791,2000-08-26 01:45:18
0,2,14,1066,2002-09-13 18:32:54
1,2,0,3310,2000-08-25 22:58:29
0,2,17,3401,2000-08-25 23:06:39
0,1,4,1328,2001-11-03 10:13:35
0,0,4,2755,2000-08-25 09:38:54
0,3,0,1490,2000-08-25 08:27:25
0,2,15,3067,2000-08-25 06:42:48
0,2,14,1876,2000-08-25 05:26:26
0,2,14,2345,2000-08-25 02:57:38
0,2,14,1992,2000-08-25 02:54:28
0,2,20,3369,2000-08-25 01:31:56
0,3,17,3292,2000-08-24 23:52:41
0,2,6,1471,2000-08-24 21:55:44
0,2,7,33,2000-08-24 15:29:37
0,1,4,2868,2000-08-24 07:23:36
0,2,0,2629,2000-08-24 06:37:52
0,5,17,954,2000-08-24 02:01:19
0,2,0,2609,2000-08-24 08:27:24
1,1,0,3073,2000-08-23 22:49:55
0,4,17,2165,2000-08-23 20:18:30
0,3,7,1774,2001-07-18 18:37:32
0,2,1,2099,2000-08-23 16:43:14
0,1,4,1698,2000-11-21 21:24:43
0,3,5,2861,2000-08-23 09:16:09
1,3,2,1124,2000-08-25 08:54:09
0,3,7,2817,2000-08-23 05:15:15
1,1,7,997,2000-08-23 04:10:29
0,1,12,997,2000-08-29 19:54:49
0,1,4,593,2000-08-22 23:08:01
1,1,4,2702,2000-08-23 19:05:24
0,1,12,2075,2000-08-22 22:30:39
0,1,0,3164,2000-08-22 06:37:53
0,3,7,1435,2000-08-22 05:42:38
1,1,4,2702,2000-08-23 00:05:43
0,2,0,2271,2000-08-22 03:28:29
0,2,0,2310,2000-08-22 01:02:58
1,2,11,2445,2002-12-21 23:32:27
0,2,2,1672,2000-08-29 02:01:23
0,3,17,1542,2000-08-21 23:20:20
0,4,18,3057,2000-08-21 22:21:07
0,0,10,3281,2000-08-21 21:44:15
0,2,3,1200,2000-08-21 19:47:04
0,2,15,2164,2000-08-21 19:26:03
1,2,4,616,2000-08-21 17:09:45
0,3,12,616,2000-08-21 15:13:25
0,4,7,1645,2000-08-21 05:34:20
1,3,7,2,2000-08-21 05:41:15
1,6,0,3364,2000-08-21 05:15:43
1,3,2,89,2000-08-21 03:39:54
0,3,16,1870,2000-08-21 02:38:14
0,2,15,1933,2000-08-21 01:07:30
0,1,4,2062,2000-08-20 21:43:47
0,4,0,1189,2000-08-20 10:22:24
0,2,14,224,2000-08-20 09:23:18
0,3,12,1410,2000-08-20 05:37:37
0,0,10,1217,2000-08-20 19:30:32
0,2,18,224,2000-08-20 00:21:22
1,6,0,191,2000-08-19 22:10:57
1,1,3,1957,2000-08-27 18:06:57
0,1,1,63,2000-08-19 18:45:36
1,3,0,2513,2000-08-19 18:45:45
1,2,9,687,2000-08-19 17:41:42
0,1,0,648,2000-08-19 17:19:15
0,3,3,2228,2000-08-19 10:59:40
1,2,9,3131,2000-08-19 01:03:23
0,2,0,659,2000-08-18 23:27:40
0,2,17,87,2000-08-18 23:57:31
0,6,1,2985,2000-08-18 22:34:54
0,2,12,1833,2000-10-05 04:57:46
1,0,10,89,2000-08-18 18:53:42
1,2,15,1582,2000-08-18 18:34:47
0,2,0,1880,2001-06-19 08:38:34
0,4,0,578,2000-08-18 15:24:35
0,3,7,2368,2000-08-18 15:32:31
0,3,11,3120,2000-08-18 05:45:52
1,3,1,922,2000-08-18 01:06:12
0,2,7,1910,2000-09-24 04:33:04
1,5,7,3336,2000-08-17 21:45:11
0,1,4,1774,2000-08-18 18:13:26
0,5,11,117,2000-08-17 21:21:14
0,3,18,3133,2000-08-17 18:40:54
0,5,1,3296,2000-10-21 15:46:04
0,2,0,2406,2000-08-17 08:37:23
0,2,6,537,2000-08-17 08:16:28
0,1,4,41,2000-08-17 08:19:49
0,3,7,658,2000-08-17 06:14:01
1,2,7,106,2000-08-17 03:54:53
1,2,11,21,2000-08-17 02:52:56
0,3,17,1281,2000-08-17 02:38:04
0,3,20,199,2000-08-17 02:30:15
0,2,7,857,2000-08-17 02:30:19
1,2,0,1544,2000-08-16 23:24:47
1,2,7,2609,2000-08-16 22:04:46
1,4,5,870,2000-08-16 21:10:36
0,1,17,3191,2000-08-16 20:43:38
0,1,4,1086,2000-08-16 19:58:19
0,3,7,118,2000-08-16 16:55:06
0,3,16,2326,2000-08-16 15:37:15
1,3,9,2704,2000-08-16 10:37:33
0,4,0,1087,2000-08-16 05:53:38
1,0,10,2484,2000-08-19 01:58:21
1,4,7,3076,2000-08-16 03:04:00
0,4,14,2963,2000-08-16 01:06:08
0,2,20,2557,2000-08-16 19:25:48
1,2,1,1660,2000-08-15 20:29:10
1,5,1,2484,2000-08-15 19:04:51
0,2,7,2418,2000-09-29 19:51:46
0,3,17,595,2000-08-16 06:41:32
0,2,12,2119,2000-08-15 04:33:33
1,6,3,1866,2000-08-15 02:08:56
0,2,14,3070,2000-08-15 01:21:29
0,3,1,1148,2002-09-03 20:54:52
0,3,15,951,2000-08-15 00:57:25
0,1,12,3281,2000-08-14 23:38:53
0,2,12,251,2000-08-16 01:05:11
1,1,0,1394,2000-08-14 22:14:40
0,6,7,1339,2000-08-14 21:49:46
0,0,10,2878,2000-08-14 20:39:31
0,3,0,758,2000-08-14 19:51:00
0,2,17,1902,2000-08-15 19:53:02
0,2,1,921,2000-08-14 16:57:21
0,2,18,2968,2000-08-14 06:40:23
0,2,14,1054,2000-08-24 23:49:31
0,1,4,2594,2000-08-14 04:58:48
0,1,4,1253,2000-08-14 04:26:03
0,2,1,2483,2000-08-14 03:40:32
0,1,4,1095,2000-08-13 22:22:51
0,4,7,754,2000-08-14 02:36:49
0,6,11,2418,2000-08-13 18:45:08
0,1,5,1585,2000-08-13 15:43:24
1,3,7,382,2000-08-13 10:11:40
0,2,0,3093,2000-08-13 07:24:35
0,4,13,2932,2000-08-17 02:41:28
0,1,4,1006,2000-08-13 06:10:16
1,1,4,1159,2000-08-13 04:12:22
0,2,7,992,2000-08-13 19:41:28
1,5,14,1898,2000-08-12 19:51:14
1,3,5,457,2000-08-12 19:44:14
0,2,1,3347,2000-08-12 17:38:58
1,5,3,1394,2000-08-12 16:32:54
0,2,0,1498,2000-08-12 15:00:56
0,3,17,1297,2000-08-12 05:13:03
0,2,0,3062,2000-08-12 03:50:43
0,3,12,125,2000-08-12 03:40:29
1,2,4,738,2000-08-12 03:15:17
1,4,2,3390,2000-08-12 01:34:54
1,6,11,3401,2000-08-11 23:58:05
1,2,0,764,2000-08-11 23:37:01
0,2,7,2700,2000-08-11 23:23:00
1,2,1,751,2000-08-11 22:45:31
1,2,20,1592,2000-08-11 22:43:43
1,2,0,1544,2000-08-12 00:58:42
1,2,0,2890,2000-08-11 21:58:34
1,1,0,989,2000-08-11 21:56:26
1,1,4,2402,2000-08-11 20:37:27
1,1,4,213,2000-08-11 20:50:29
0,2,7,1040,2000-08-11 19:06:55
0,2,7,1009,2000-08-11 21:48:25
0,1,1,974,2000-08-12 14:31:39
0,1,0,1729,2000-08-11 11:32:32
1,3,9,2473,2000-08-11 10:53:28
1,3,1,3363,2000-08-11 07:09:02
0,3,6,2817,2000-08-11 05:57:57
0,5,7,3203,2000-08-11 05:10:16
0,3,7,290,2000-08-11 04:02:02
0,2,15,2110,2000-08-11 03:05:57
0,3,3,490,2000-08-11 02:33:23
0,4,17,2964,2000-08-11 02:21:20
0,2,17,1873,2000-08-11 01:45:46
0,2,1,815,2000-08-12 01:54:19
0,2,20,2808,2000-08-10 21:34:11
0,2,7,718,2000-08-15 21:19:04
1,2,14,2960,2000-08-10 18:28:30
0,5,14,1110,2000-08-10 17:43:54
1,2,0,3227,2003-02-24 21:35:37
1,0,10,2079,2000-08-10 15:22:08
0,2,12,3280,2000-10-02 03:19:09
0,3,0,1783,2001-01-06 05:28:56
0,2,15,1417,2000-08-10 07:10:05
0,3,0,1225,2000-08-10 06:57:42
0,2,12,3211,2000-08-10 07:00:55
0,5,16,2037,2000-08-10 06:42:48
0,2,14,1105,2000-08-11 06:03:38
1,3,20,134,2000-08-10 06:57:43
0,1,14,1411,2000-09-28 17:31:01
0,1,4,2802,2000-08-10 00:48:10
0,2,17,1488,2000-08-10 00:24:04
0,2,0,2124,2000-08-10 00:22:02
1,0,10,1422,2000-08-09 23:41:56
0,4,14,3219,2002-04-30 19:31:06
0,3,3,2533,2000-08-09 22:22:39
0,1,17,3138,2000-08-09 22:06:44
0,2,17,370,2000-08-09 21:40:45
0,2,1,2853,2000-08-09 20:59:53
1,4,2,2124,2000-08-09 20:04:36
0,2,0,3245,2000-08-09 19:14:29
0,2,0,1525,2000-08-09 19:14:46
0,4,1,1546,2000-08-09 18:34:58
0,2,3,2423,2000-08-09 17:06:28
0,2,7,409,2000-08-10 06:47:35
0,1,2,1826,2000-08-09 16:20:39
0,5,16,375,2000-08-24 19:24:45
0,3,7,1625,2001-02-21 01:07:59
0,1,4,3309,2000-08-09 08:37:35
0,2,6,580,2000-08-09 07:08:45
1,3,0,2822,2000-08-09 04:40:20
0,6,17,2780,2000-08-09 03:01:03
0,2,17,743,2000-08-09 00:35:16
0,1,14,840,2000-08-09 00:51:54
0,2,17,2620,2000-08-10 00:15:40
0,5,17,1404,2000-08-08 21:22:47
1,1,14,2651,2000-08-08 21:24:37
0,1,17,516,2000-08-08 21:31:39
0,1,0,1354,2000-08-08 20:03:16
1,3,3,1312,2000-08-08 18:28:16
1,3,9,1639,2000-08-09 02:26:35
0,2,18,771,2000-08-08 15:58:08
0,4,0,93,2000-08-08 15:29:24
0,3,17,3375,2000-08-08 13:54:47
0,2,14,2992,2000-08-08 10:21:55
0,5,12,1555,2000-08-08 08:27:21
0,2,2,577,2000-08-08 07:53:25
0,2,0,3400,2000-08-08 07:29:37
0,2,7,2432,2000-08-08 06:10:55
1,3,6,1528,2000-08-08 05:38:28
1,3,12,1266,2000-08-08 05:10:13
0,6,2,397,2000-08-08 05:35:39
0,2,2,2959,2000-08-26 08:45:14
0,4,7,213,2000-08-08 04:18:45
0,4,17,2841,2000-08-08 03:03:58
1,3,7,3171,2000-08-08 02:41:59
1,3,16,2412,2000-08-08 02:34:13
0,4,0,119,2000-08-14 03:37:39
0,2,4,3213,2000-08-07 23:51:42
1,4,1,3056,2000-11-19 03:05:32
0,1,4,294,2000-08-07 22:11:14
0,2,0,202,2000-08-07 21:39:03
1,4,1,626,2000-08-07 21:09:35
1,3,14,3398,2000-08-07 21:15:24
1,6,0,2307,2000-08-07 22:28:45
0,6,16,2238,2000-08-07 20:35:44
0,2,0,790,2000-08-07 20:18:54
0,2,2,2101,2000-08-07 19:03:11
0,6,7,705,2000-08-07 18:02:56
1,2,6,383,2000-08-07 17:25:49
0,2,7,2663,2000-08-30 21:36:25
1,2,5,3152,2000-08-10 19:14:28
0,3,14,2769,2000-08-07 13:51:18
1,5,9,2884,2000-08-07 09:42:38
0,2,4,2363,2000-08-07 08:26:27
0,6,13,2364,2002-03-22 23:16:30
0,2,7,95,2000-08-07 04:39:34
0,2,7,3076,2000-08-07 03:40:36
1,1,4,2679,2000-08-07 03:28:13
0,2,16,73,2000-09-04 03:29:37
0,2,7,3386,2001-01-28 04:50:09
0,3,7,443,2000-08-06 17:04:23
0,4,16,586,2000-10-11 17:34:06
0,6,13,3237,2000-08-06 21:23:19
0,1,1,1634,2000-08-06 10:15:58
0,2,14,1987,2000-08-06 09:54:11
0,2,17,2041,2000-08-06 09:34:14
0,1,4,2374,2000-08-06 09:16:49
0,2,14,3279,2000-08-06 04:54:45
0,3,17,326,2000-08-07 04:49:23
0,2,6,1822,2000-08-06 06:32:17
1,3,9,1004,2000-08-06 02:55:48
1,6,6,391,2000-11-26 06:13:47
1,2,7,2076,2000-08-06 01:35:20
1,6,3,2314,2000-08-06 01:32:25
0,2,0,3081,2000-09-07 00:24:18
0,1,4,3356,2000-08-06 00:09:51
0,5,16,1908,2000-08-05 23:31:16
0,5,6,2785,2000-08-05 23:16:28
0,2,16,327,2001-02-26 01:28:49
1,3,3,2939,2000-08-05 21:29:25
0,6,13,2524,2000-08-05 21:11:52
0,4,17,1608,2000-08-05 21:04:50
0,1,4,2670,2000-08-05 20:51:50
0,2,2,1724,2000-10-14 22:44:14
0,0,10,2549,2000-08-05 18:45:34
0,3,6,311,2000-08-05 18:47:28
0,2,14,3342,2000-09-17 02:00:19
0,5,6,622,2000-08-05 19:05:04
1,3,1,818,2001-07-26 06:10:08
1,4,5,3307,2000-08-05 14:29:22
0,2,0,866,2000-08-06 05:01:29
0,4,20,3210,2000-08-05 11:05:52
0,6,3,1989,2000-08-05 09:42:45
0,3,15,1518,2000-08-05 08:33:47
0,2,6,1,2000-08-05 07:38:31
0,3,6,968,2000-08-05 21:27:55
0,2,16,68,2000-08-05 07:04:39
0,2,17,1672,2000-08-05 06:23:24
0,3,1,1496,2000-08-05 05:29:31
0,1,12,1322,2000-08-05 05:00:40
0,0,4,2687,2000-08-05 02:30:44
1,2,0,480,2000-08-04 23:28:18
0,2,0,512,2000-09-13 23:06:24
0,2,7,2287,2000-08-04 22:10:25
0,6,6,1219,2000-08-04 21:39:50
0,1,4,2450,2000-08-04 21:32:22
0,0,10,1376,2000-08-04 21:24:31
0,5,7,566,2000-08-04 20:31:43
0,2,16,1260,2000-08-04 20:18:52
0,3,17,1443,2000-08-04 10:53:25
0,3,3,2424,2000-08-04 09:32:14
1,4,7,1919,2000-08-04 08:20:06
0,2,15,2373,2000-08-04 08:35:32
0,3,17,2233,2000-08-04 07:52:26
0,5,1,2022,2000-08-04 06:22:58
0,2,16,1914,2000-08-04 06:25:17
0,3,2,1173,2000-08-04 05:50:17
0,5,17,756,2000-08-04 05:46:01
0,3,6,635,2000-08-04 05:08:56
0,6,11,1044,2000-08-04 04:47:29
0,0,10,1769,2000-08-04 06:15:07
0,5,16,3213,2000-08-04 03:25:22
0,2,7,2789,2000-08-04 03:22:55
0,2,7,1581,2000-09-27 01:45:14
0,6,7,2778,2000-08-04 03:25:44
1,2,5,3133,2000-08-04 02:50:46
1,5,1,970,2000-08-04 02:29:47
0,3,17,1289,2000-08-04 01:56:22
1,5,7,1075,2000-08-04 02:19:16
1,3,7,561,2000-08-20 05:15:57
0,3,1,2034,2000-08-04 01:51:50
0,4,20,888,2000-08-04 01:10:14
0,2,1,3001,2000-08-04 00:45:54
0,5,17,204,2000-08-11 01:13:48
0,5,18,3033,2000-08-04 00:28:19
1,0,10,212,2000-08-08 23:18:58
1,5,9,679,2000-08-04 00:11:12
0,6,7,3346,2000-08-03 23:41:46
0,3,1,2137,2000-11-28 00:42:18
1,2,14,2291,2000-08-03 23:34:37
1,2,7,172,2000-08-03 23:57:28
0,4,7,3117,2000-08-14 20:32:01
0,3,7,1834,2000-08-29 01:18:58
1,1,11,3230,2000-08-19 07:03:03
1,3,3,248,2000-08-03 22:54:11
0,3,0,1762,2000-08-03 23:12:17
0,4,7,1361,2000-08-03 22:29:53
1,5,16,108,2000-08-03 22:46:41
0,6,13,1830,2000-08-03 23:00:36
0,2,18,1802,2000-08-03 22:11:36
0,5,7,2246,2000-08-03 21:47:56
0,2,14,237,2000-08-04 00:19:25
1,6,20,2952,2000-08-03 21:39:31
0,5,7,2518,2000-08-03 21:15:14
0,3,14,957,2000-08-03 21:21:36
0,4,17,1641,2000-08-03 21:34:11
1,4,15,87,2000-10-15 00:10:20
0,3,17,1364,2000-08-03 20:49:55
0,3,14,1145,2000-08-03 20:36:22
1,4,1,2138,2000-08-03 20:46:13
0,1,4,1623,2000-08-03 20:26:12
1,2,9,539,2000-08-03 20:19:30
0,4,7,2413,2000-08-08 22:40:53
1,2,0,1495,2000-08-03 19:59:09
0,2,7,2650,2000-08-03 19:48:06
1,2,15,3,2000-08-03 19:52:31
1,3,1,1382,2000-08-03 19:50:52
1,3,0,3381,2000-08-03 19:53:45
0,6,0,1311,2000-08-03 19:34:48
0,4,5,2591,2000-08-03 19:14:09
1,2,0,1042,2000-08-03 19:12:23
0,2,17,2669,2000-08-03 18:44:47
0,3,4,1189,2000-08-03 18:46:51
1,3,6,571,2000-08-03 17:36:45
0,5,18,1931,2000-08-03 17:40:22
0,3,17,653,2000-08-03 17:30:06
0,6,13,2302,2000-08-03 17:22:31
1,5,18,1931,2000-08-03 17:18:40
1,3,20,1294,2002-06-07 19:14:17
1,2,3,724,2000-08-03 16:50:20
0,5,7,1668,2000-08-03 16:47:39
0,3,17,811,2000-08-03 16:47:14
0,3,7,759,2001-03-16 23:57:48
0,3,17,337,2000-08-03 16:46:37
0,5,12,1567,2000-08-03 16:29:54
1,3,7,836,2000-08-03 16:25:55
0,2,4,2635,2000-08-03 16:31:51
0,2,4,2889,2000-08-03 16:47:55
0,4,7,1657,2000-08-05 14:09:43
0,2,17,890,2000-08-03 15:46:15
0,5,12,2006,2000-08-03 15:40:52
1,0,2,1638,2000-08-03 15:31:46
0,3,17,2284,2000-08-03 15:26:34
1,3,6,2126,2000-08-03 15:23:24
0,2,7,2125,2000-08-03 15:21:29
0,4,1,1368,2000-08-03 15:22:20
0,6,13,970,2000-08-03 15:15:26
0,3,7,995,2000-08-03 14:53:08
0,4,7,2078,2000-08-03 14:27:19
0,4,13,1134,2001-05-06 06:10:24
1,4,16,2507,2000-08-03 14:01:14
1,4,0,559,2000-08-03 13:09:23
1,4,7,638,2000-08-03 11:04:57
0,3,17,2131,2000-08-03 09:00:26
0,3,0,359,2000-08-03 07:58:04
1,2,9,2807,2000-08-03 08:02:46
1,2,9,493,2000-08-03 07:14:27
0,2,17,983,2000-08-03 07:28:23
0,2,0,1622,2000-08-03 07:18:45
1,4,9,3066,2000-08-03 06:19:14
0,1,18,1456,2000-08-03 06:06:19
0,6,6,3370,2000-08-03 05:45:44
0,4,15,3066,2000-08-03 05:52:45
1,1,4,821,2000-08-03 04:50:34
0,3,11,851,2000-08-05 17:51:36
0,1,0,2399,2000-08-03 04:12:10
0,4,7,1895,2000-08-03 03:52:41
0,2,0,271,2000-08-03 03:32:02
0,5,13,2767,2000-08-03 02:31:09
1,2,7,1878,2000-08-03 02:24:10
0,2,17,3100,2000-08-03 02:00:41
0,2,6,699,2000-08-03 01:26:03
1,3,14,2414,2000-08-03 01:05:04
0,3,7,1844,2000-08-03 00:23:31
0,2,5,1725,2000-08-03 00:08:02
0,4,7,1911,2000-08-03 05:40:02
0,2,5,2517,2000-08-02 23:30:03
0,2,0,318,2000-08-03 00:23:38
1,4,6,3233,2000-08-02 21:55:50
0,3,6,2476,2000-08-02 21:30:20
1,2,3,2069,2000-08-02 21:00:02
1,1,5,1030,2000-08-02 20:42:07
0,2,2,413,2000-08-02 19:16:57
1,2,17,571,2000-08-02 19:52:37
0,3,17,1939,2000-08-02 19:01:11
0,1,17,741,2000-08-08 00:12:24
0,4,0,771,2000-08-05 17:19:05
0,1,2,8,2000-08-02 13:59:14
0,1,2,1052,2000-11-25 10:31:54
0,5,14,1813,2000-08-02 07:47:52
1,3,9,1967,2000-08-02 07:07:31
0,3,17,1477,2000-08-02 06:44:38
0,1,4,2106,2000-08-02 08:24:25
1,5,16,1176,2000-08-02 05:35:50
0,1,15,2509,2000-08-02 05:47:07
0,5,7,2607,2000-08-02 05:11:01
0,2,16,3310,2000-08-02 05:02:30
0,3,17,2773,2000-09-04 22:20:42
1,2,5,104,2000-08-02 04:13:48
1,1,4,1984,2000-08-02 02:51:42
0,2,4,1984,2000-09-07 07:43:07
1,1,4,673,2000-08-01 23:12:38
0,1,4,673,2000-08-01 23:07:50
0,1,4,673,2000-08-01 23:01:45
0,2,4,673,2000-08-01 22:59:53
0,5,6,673,2000-08-01 22:59:49
0,1,1,2848,2000-08-01 23:00:55
0,1,4,673,2000-08-01 23:03:44
1,1,4,2694,2000-08-01 23:00:37
1,1,4,1795,2000-08-01 23:01:48
1,1,4,673,2000-08-01 22:55:52
1,1,14,2953,2000-08-01 23:02:23
0,2,15,3209,2000-08-23 22:14:54
0,2,14,2924,2000-08-01 21:58:33
0,1,19,690,2000-08-01 20:34:53
0,0,13,1338,2000-08-01 19:44:57
1,4,12,359,2000-08-01 13:59:49
0,2,15,3212,2000-08-01 12:44:34
0,4,0,1647,2000-08-01 11:33:07
0,1,4,1843,2000-08-01 10:33:01
0,2,7,1124,2000-08-01 08:46:20
0,4,17,1592,2000-08-01 09:11:15
0,1,0,609,2000-08-01 07:20:10
0,2,14,2385,2000-08-01 07:25:55
0,2,5,885,2000-08-06 23:07:28
0,0,14,2412,2000-08-01 06:34:46
0,2,12,2571,2002-02-05 04:33:23
1,3,7,619,2000-08-01 05:54:21
0,2,7,154,2000-09-18 03:23:39
0,3,6,1497,2000-08-01 05:19:27
0,3,1,466,2000-08-01 05:31:34
0,1,4,1958,2000-08-01 04:42:05
0,5,15,1231,2000-08-01 04:44:59
0,6,2,729,2000-08-01 05:18:44
1,2,12,1482,2000-08-01 03:40:34
0,2,15,688,2000-08-01 02:54:04
0,3,0,1882,2000-08-02 22:13:25
0,3,7,1451,2000-08-01 00:05:57
1,2,0,1626,2000-07-31 22:37:24
0,5,7,1475,2002-09-06 21:03:59
1,5,1,1483,2000-07-31 22:24:30
0,1,4,2429,2001-07-01 08:01:22
1,3,7,695,2000-08-01 18:38:02
1,4,12,1354,2000-07-31 21:22:41
0,3,7,2568,2000-07-31 20:09:07
0,1,4,3139,2000-07-31 19:54:53
0,5,13,2766,2000-08-26 05:54:21
0,2,18,514,2000-08-21 15:25:45
0,3,8,387,2000-07-31 06:13:28
0,2,7,528,2000-07-31 06:01:59
0,6,13,3306,2000-07-31 04:13:01
1,0,10,1488,2000-08-01 02:24:55
0,4,0,784,2000-07-31 05:42:17
0,1,4,2648,2000-09-11 03:25:30
0,2,6,2688,2000-08-01 06:13:38
0,5,7,590,2000-07-31 01:50:11
0,2,17,3225,2000-07-30 23:43:18
0,6,1,2603,2000-07-30 22:16:30
1,2,0,525,2000-08-07 02:30:02
0,6,0,3005,2000-07-30 22:15:56
0,6,13,1864,2000-07-31 01:56:34
0,1,4,1390,2000-07-29 10:54:38
0,2,0,1802,2000-07-29 07:22:37
0,5,7,851,2000-07-29 05:36:40
0,2,14,3070,2000-07-28 21:21:13
0,1,0,3220,2000-07-28 19:25:19
0,2,14,1620,2001-02-04 23:29:42
0,3,6,3266,2000-07-31 00:48:45
1,3,1,3328,2000-07-28 02:53:06
0,2,12,3048,2000-11-09 19:54:22
0,1,4,732,2000-07-28 00:05:55
0,1,12,2572,2000-07-27 20:29:09
1,4,1,2897,2000-07-27 19:11:12
0,2,12,232,2000-07-27 17:39:15
1,2,14,1572,2000-08-11 00:56:46
0,3,0,233,2000-07-27 07:48:53
0,6,1,959,2000-07-27 04:43:07
0,2,16,239,2000-07-27 04:01:33
0,2,7,3137,2000-07-27 03:19:00
0,1,12,3155,2000-07-27 01:18:03
0,1,2,1940,2000-07-27 00:42:58
1,0,10,360,2000-07-26 04:21:24
0,1,16,253,2000-07-26 03:07:52
0,1,12,1240,2000-08-21 20:48:17
1,3,16,612,2000-07-25 22:59:51
1,2,9,2142,2000-07-25 21:04:36
1,1,9,3348,2000-07-25 20:52:48
0,2,14,1916,2000-08-02 22:11:13
0,3,14,497,2000-07-25 16:08:35
0,2,7,2849,2000-07-25 09:33:05
1,2,6,1123,2000-07-25 05:59:18
0,3,12,746,2000-07-25 04:57:51
0,3,14,3071,2000-07-25 09:46:52
0,1,4,1958,2000-07-26 22:22:22
0,2,0,329,2000-07-24 23:26:14
0,4,17,3332,2000-07-24 23:09:16
0,2,4,2663,2000-11-04 07:08:00
1,2,7,612,2000-07-24 20:59:48
0,2,1,404,2000-07-23 22:16:34
1,2,0,2764,2003-01-27 16:16:49
0,5,1,1064,2000-07-23 18:06:24
1,4,0,75,2000-07-23 16:22:47
0,2,4,458,2000-07-23 04:41:17
0,3,14,3030,2000-11-04 02:00:33
1,2,4,2830,2000-07-23 04:45:16
1,1,20,1149,2000-07-23 03:06:29
0,3,16,217,2000-07-22 04:53:19
0,2,18,77,2000-07-27 02:40:01
1,2,4,1503,2000-07-22 02:10:54
1,3,0,692,2000-07-22 03:42:12
0,3,7,3070,2001-01-07 13:49:29
1,3,2,2630,2000-07-21 22:08:25
0,2,15,1365,2001-05-13 17:19:41
1,2,0,3254,2000-07-21 20:11:46
1,1,4,2497,2000-07-21 06:31:17
0,2,12,1819,2000-07-21 05:12:11
1,4,1,3140,2000-07-21 04:40:53
0,2,20,1508,2000-07-21 03:40:16
1,2,6,336,2000-07-21 03:21:50
0,2,14,2424,2000-07-21 00:02:06
0,2,12,336,2000-07-20 21:19:49
0,2,16,1503,2000-07-22 01:39:09
0,2,12,3146,2002-01-02 23:31:00
0,2,7,2712,2000-07-20 20:17:53
1,6,6,2888,2000-07-20 03:08:52
1,1,4,1269,2000-07-20 00:57:39
1,2,4,233,2000-07-19 23:59:56
0,2,0,1022,2000-07-19 23:51:29
0,0,0,3110,2000-07-19 23:09:51
0,1,2,55,2000-07-19 21:30:54
0,2,4,1277,2002-06-21 18:56:51
0,3,11,707,2002-12-23 23:13:58
0,2,7,3203,2000-07-31 19:12:35
0,2,0,2282,2000-07-19 14:41:41
1,2,6,3395,2000-07-19 04:09:55
0,1,4,585,2000-07-19 01:27:26
0,6,13,1488,2000-09-28 05:21:44
1,4,0,1195,2000-07-18 23:51:01
1,2,7,1544,2000-07-18 23:10:15
0,3,20,1588,2000-07-22 05:29:25
0,4,14,2711,2000-12-03 02:36:51
1,1,4,1297,2000-07-18 01:47:41
1,4,7,2064,2000-09-15 17:06:15
0,3,2,390,2000-07-17 17:44:17
0,2,14,1791,2000-09-26 01:10:36
0,3,14,201,2000-07-17 05:41:54
0,3,7,434,2000-07-17 06:00:09
0,6,13,2345,2000-07-16 22:54:02
1,3,7,4,2001-02-15 01:22:27
0,4,14,450,2000-09-26 05:59:58
0,5,6,804,2000-09-14 08:45:59
0,3,2,872,2000-07-16 03:51:42
0,6,13,2376,2000-07-16 03:05:13
0,2,0,1652,2000-07-15 19:02:51
1,2,0,971,2000-07-15 16:46:16
0,1,1,1972,2000-07-15 05:18:55
0,1,12,2509,2000-08-04 04:54:31
1,0,10,26,2000-07-15 02:29:44
1,4,17,2949,2000-09-15 02:06:39
1,2,7,991,2000-07-15 00:18:44
0,1,1,1785,2000-07-14 22:42:39
0,6,7,123,2000-08-08 18:00:32
0,1,18,2954,2000-07-14 20:59:35
0,1,12,1304,2000-07-14 21:09:15
1,2,6,1277,2000-07-14 18:23:43
0,4,17,3064,2000-12-26 06:29:58
0,2,11,1032,2000-07-14 05:41:46
0,2,7,534,2000-07-14 05:20:30
0,0,0,2270,2000-07-26 02:01:31
0,4,0,1050,2000-07-13 21:41:16
1,3,16,1998,2000-07-13 21:24:04
0,3,17,2118,2000-07-13 06:05:37
0,2,17,2002,2000-07-13 04:01:26
0,5,1,1327,2000-07-13 03:21:41
1,2,16,5,2000-07-26 16:44:32
0,4,17,809,2000-07-14 17:22:09
1,3,9,1463,2000-07-12 18:59:28
0,2,2,768,2000-07-13 11:34:14
0,3,11,2866,2000-07-12 07:27:54
0,3,12,2045,2000-07-12 05:14:30
0,3,7,467,2000-07-12 04:40:45
1,6,6,2901,2000-07-12 04:18:42
1,6,0,1618,2001-08-04 06:27:33
0,5,11,2295,2000-07-11 23:18:51
0,2,17,1239,2000-07-11 20:50:19
1,2,3,647,2000-07-11 02:09:49
0,3,7,1933,2000-07-11 01:15:44
0,6,13,2068,2000-07-11 00:46:51
0,5,15,2375,2002-12-03 15:58:03
0,5,1,3349,2000-07-10 19:28:37
0,4,0,706,2000-07-10 06:30:46
0,5,15,1871,2001-05-24 05:32:27
1,1,4,2609,2000-07-10 01:49:52
0,6,1,1665,2001-09-29 21:36:42
1,6,7,2734,2000-08-05 21:03:06
0,6,16,3330,2000-07-09 22:32:59
0,3,17,148,2001-04-03 21:56:04
1,6,13,984,2000-07-09 13:56:58
1,5,0,985,2000-07-10 06:02:54
0,3,17,254,2000-07-09 03:13:31
0,1,15,3204,2000-07-09 02:57:55
1,2,14,2436,2000-07-09 01:03:48
0,6,11,985,2002-11-03 19:30:30
0,0,10,47,2001-07-18 01:36:06
0,3,16,324,2000-07-08 23:33:03
1,3,9,396,2000-09-06 02:23:27
0,2,4,777,2000-07-27 04:25:28
0,2,1,341,2000-07-08 23:05:19
1,3,7,2755,2000-07-08 20:54:32
0,2,17,706,2000-07-08 08:22:59
1,2,3,1055,2000-07-08 07:04:51
0,2,2,2613,2000-07-08 06:49:51
0,2,0,1055,2000-07-08 06:24:54
1,5,6,1583,2001-02-17 23:52:13
0,2,0,1639,2000-07-08 00:37:34
0,0,11,233,2000-07-07 22:17:31
1,5,7,1046,2000-07-07 20:59:26
1,3,17,1775,2000-07-07 22:16:06
1,1,4,1883,2000-07-09 02:45:55
1,2,16,3255,2000-07-07 05:50:56
1,3,1,1922,2000-07-07 05:38:32
0,3,1,3255,2001-07-22 22:00:18
0,0,2,2421,2000-07-07 05:42:50
0,3,1,1348,2000-07-07 04:33:18
0,2,1,3344,2000-07-07 02:12:37
1,2,17,2475,2000-07-07 01:49:36
0,5,11,1094,2000-07-07 00:55:34
1,3,0,913,2000-07-07 00:03:50
0,2,17,764,2000-07-06 23:06:36
0,3,0,2383,2000-07-06 21:39:53
0,3,16,1084,2000-07-06 19:08:42
0,2,20,1194,2000-07-06 18:12:47
1,4,16,418,2000-08-09 18:17:10
0,4,1,2371,2000-07-06 15:26:32
1,5,6,440,2000-07-06 10:39:09
1,4,6,3265,2000-07-06 07:38:22
0,2,12,2291,2000-08-20 02:23:20
1,3,1,2265,2002-12-23 15:37:32
0,4,7,2202,2000-07-06 03:36:17
1,2,2,3209,2000-07-06 01:05:13
0,2,12,2644,2000-07-06 01:33:45
1,3,6,581,2000-07-06 01:26:17
1,4,3,79,2000-07-06 01:10:58
0,1,17,1201,2000-07-06 01:13:25
0,2,7,625,2000-07-06 00:31:04
0,2,7,2436,2000-07-06 00:16:29
0,2,14,2393,2000-07-05 23:32:30
1,1,14,2328,2000-07-05 23:31:14
0,2,2,407,2000-07-06 22:40:15
0,2,0,1658,2000-07-05 21:52:38
1,2,9,3256,2000-07-05 21:50:28
0,1,20,998,2000-07-05 21:03:48
0,6,12,1413,2000-07-05 21:01:08
0,1,12,2783,2000-07-05 19:55:18
0,4,1,1265,2000-07-05 20:07:45
0,6,11,169,2000-07-05 12:33:24
1,2,4,103,2000-07-05 10:27:04
1,3,17,2201,2000-07-05 06:07:44
0,2,4,2890,2000-07-05 06:19:13
0,5,4,1473,2000-07-05 06:11:04
1,4,9,2743,2000-07-05 05:29:08
0,4,16,2503,2000-07-05 03:14:36
1,0,10,3189,2000-07-05 02:58:32
0,6,1,2671,2000-07-04 22:58:16
0,3,17,1547,2000-09-05 01:28:31
0,2,17,2922,2000-07-04 20:54:23
0,3,7,2546,2000-07-04 21:07:32
1,2,3,2262,2000-09-05 04:52:13
0,3,6,1579,2000-07-17 06:14:49
0,2,20,1891,2000-07-04 08:08:42
0,3,12,636,2000-09-15 07:15:55
0,1,12,2514,2000-07-04 06:05:09
1,2,0,1992,2000-08-12 19:36:47
1,5,20,2307,2000-07-04 05:22:32
1,2,1,2468,2000-07-04 05:54:45
1,2,1,1414,2000-07-07 06:38:57
0,1,0,272,2000-07-04 04:53:36
0,3,1,3254,2000-07-04 04:01:06
0,4,18,1291,2000-07-04 02:56:13
1,3,0,2879,2000-07-04 02:38:56
1,3,6,506,2000-07-04 01:35:46
0,0,10,2230,2000-07-06 01:08:19
0,4,1,1953,2000-07-03 22:52:44
0,5,17,3032,2000-07-03 23:12:48
0,5,17,1334,2000-07-03 22:41:58
0,3,17,2894,2000-07-03 21:08:18
1,1,4,1333,2000-07-03 21:01:40
1,1,4,2503,2000-07-03 20:26:43
0,6,20,2899,2000-07-03 19:34:45
1,5,0,506,2000-07-03 19:31:24
0,5,17,350,2000-07-03 19:27:39
0,1,4,1149,2000-07-03 19:50:47
0,6,13,278,2000-07-03 18:23:38
0,6,1,1585,2003-01-08 23:56:15
0,5,14,641,2000-07-04 08:12:45
1,5,20,448,2000-07-03 09:45:50
0,1,19,708,2000-07-03 09:48:13
1,2,12,2496,2000-07-03 09:46:05
0,3,7,1658,2000-07-03 09:45:57
0,3,20,2644,2000-07-03 09:32:57
0,2,11,525,2000-07-03 09:03:41
0,3,14,2346,2000-08-12 16:38:33
0,2,12,2803,2000-07-03 06:47:20
0,1,12,506,2000-07-03 05:55:30
1,6,8,2985,2000-07-03 06:39:35
0,2,17,2721,2000-07-03 06:11:45
0,2,0,2057,2000-07-03 06:14:03
1,2,4,641,2000-07-06 04:43:31
1,6,14,555,2000-07-03 05:47:05
1,2,2,2058,2001-03-18 00:09:49
0,4,17,2527,2000-07-24 03:12:48
0,3,7,2130,2000-07-03 05:32:54
0,0,10,2985,2000-07-03 07:19:49
1,1,4,3239,2000-07-03 06:51:16
1,6,13,115,2000-07-03 05:50:39
0,3,12,2920,2000-07-03 05:43:08
1,6,1,1097,2000-07-03 04:35:13
0,3,3,1326,2000-07-03 22:57:09
1,1,4,767,2000-07-03 03:54:49
1,4,16,1342,2000-07-03 05:10:27
0,4,15,2359,2000-07-03 03:49:20
0,5,15,1714,2000-07-03 03:30:44
0,1,4,1899,2000-07-03 03:42:34
1,3,1,284,2000-07-03 03:40:08
0,3,12,696,2000-07-03 03:12:05
0,3,7,1273,2000-07-03 02:55:35
1,4,1,2159,2000-07-03 02:20:51
1,2,14,1915,2000-07-02 23:46:25
0,2,12,1867,2000-07-02 23:35:00
0,1,1,402,2000-07-02 22:17:38
1,2,4,3193,2000-07-02 22:21:40
1,6,13,2019,2000-07-02 20:53:43
0,3,7,1433,2000-07-02 18:08:48
1,1,6,363,2000-07-02 05:49:14
0,3,0,1114,2000-07-02 05:19:28
1,3,7,2388,2000-07-02 03:37:09
1,1,4,897,2001-03-02 02:22:47
1,5,7,2601,2000-07-02 01:51:28
0,3,16,2681,2000-07-02 01:48:53
1,3,16,1773,2000-07-02 00:37:26
0,5,7,500,2000-07-02 00:11:27
0,6,17,2555,2000-07-01 23:55:59
0,4,17,2585,2000-12-31 04:52:15
0,5,16,274,2000-07-01 22:49:32
0,1,4,813,2000-08-06 20:16:43
1,2,1,1389,2000-07-01 21:10:42
0,6,13,2931,2000-07-01 20:09:41
0,3,7,434,2000-07-01 19:41:37
1,6,0,252,2000-07-05 01:53:18
1,2,7,2263,2001-08-12 23:34:56
0,4,17,1773,2000-07-01 14:22:18
0,6,2,862,2000-07-01 10:10:53
0,5,6,1889,2000-07-01 06:29:08
0,4,7,1409,2000-07-01 05:06:43
0,2,4,1,2000-07-02 19:17:35
1,5,12,1836,2000-07-01 03:58:25
0,2,17,3220,2000-06-30 21:57:52
1,3,16,437,2000-07-08 21:27:17
0,6,14,85,2001-02-20 21:37:05
0,5,7,833,2000-06-30 20:18:01
0,1,10,2646,2000-06-30 19:56:53
1,3,1,234,2000-07-01 01:53:59
0,2,0,925,2000-06-30 14:08:24
0,3,20,1884,2000-06-30 07:14:37
0,5,7,2217,2000-06-30 07:30:47
1,3,1,17,2000-06-30 06:30:48
0,3,15,41,2000-06-30 05:42:43
0,6,12,3387,2000-06-29 22:58:44
0,3,6,1699,2000-06-29 21:46:03
1,2,0,883,2000-07-01 19:30:20
1,2,0,1099,2000-07-20 02:44:41
0,2,0,1571,2000-06-28 20:32:08
0,4,0,1663,2001-02-16 00:07:45
0,4,5,766,2000-06-27 22:42:40
0,5,7,2724,2000-07-01 10:02:48
1,5,1,2020,2000-06-27 22:08:13
0,3,7,2341,2002-11-02 22:50:55
0,1,11,1722,2000-06-27 10:24:45
0,2,17,440,2000-06-27 10:36:31
0,3,7,575,2000-06-27 10:21:38
0,1,17,2381,2000-06-26 21:15:49
1,5,0,2363,2000-06-26 19:12:15
0,3,7,2341,2000-06-26 17:16:35
0,6,1,927,2000-09-04 04:35:32
0,1,0,2478,2000-06-26 16:09:33
0,3,1,2755,2000-06-26 08:55:39
0,2,3,2768,2000-06-26 06:39:54
1,2,4,1201,2000-07-06 00:55:53
0,2,16,2191,2000-06-25 22:24:29
0,2,16,157,2000-06-25 19:01:40
0,3,1,201,2001-05-14 03:14:06
0,3,7,2016,2000-06-27 05:45:50
1,1,4,3209,2000-06-25 09:17:13
0,2,17,258,2000-06-25 07:17:40
1,3,17,2907,2000-06-25 06:21:42
0,3,6,3013,2000-06-25 06:45:52
0,3,7,137,2000-06-25 03:21:40
0,1,4,1654,2000-06-26 04:25:50
0,6,17,56,2000-06-25 02:34:49
0,4,1,2863,2000-06-24 19:12:46
1,3,9,1829,2000-08-04 01:36:38
0,0,10,3109,2000-08-10 23:33:34
0,2,12,2436,2000-06-24 03:46:42
0,2,7,3238,2002-11-20 18:38:40
0,3,12,1457,2000-06-23 06:20:48
1,3,9,1201,2000-06-23 03:54:41
1,4,7,2027,2000-06-23 08:31:25
1,3,0,659,2000-06-22 23:11:07
1,2,4,1428,2000-06-22 22:18:26
0,2,7,904,2000-06-22 23:07:44
0,2,7,2445,2000-06-22 21:19:00
0,3,7,2027,2000-06-22 20:37:31
0,6,7,170,2000-06-22 21:31:39
1,2,1,613,2000-06-22 08:51:55
1,3,15,662,2000-06-22 08:09:51
0,1,4,2661,2001-08-30 08:33:26
1,4,6,913,2000-06-22 05:34:08
0,5,13,822,2000-06-22 03:15:37
0,3,7,898,2000-06-22 02:44:44
0,2,0,2110,2000-06-22 01:22:53
1,3,17,1639,2000-08-16 03:35:28
0,1,2,1431,2000-06-21 09:23:27
0,1,0,2311,2000-06-21 08:03:46
1,3,9,444,2000-06-21 06:08:57
1,6,6,2789,2000-06-21 04:34:01
0,1,2,298,2000-06-21 04:32:25
0,1,0,962,2000-06-21 04:22:32
1,6,1,320,2000-06-21 06:28:40
0,3,1,1663,2000-06-20 19:48:34
0,3,0,3103,2000-06-27 08:36:32
0,0,0,2583,2000-06-22 04:38:52
0,2,0,1080,2000-06-20 04:47:43
0,3,7,2188,2000-06-20 03:25:15
0,2,4,2546,2000-06-19 23:40:31
0,2,7,446,2000-06-23 15:37:38
1,5,16,2926,2000-06-19 22:13:47
1,2,0,1901,2000-08-08 04:12:30
1,2,4,3202,2000-11-26 21:57:09
0,0,10,1359,2000-06-19 08:12:42
0,1,4,3025,2000-06-19 05:53:52
1,4,1,2796,2000-06-19 05:32:37
1,0,10,903,2000-06-19 03:37:26
0,2,20,1240,2000-06-20 01:41:24
0,1,4,1043,2000-06-18 04:04:41
1,2,2,33,2000-06-17 20:28:32
0,3,4,1181,2000-06-17 04:54:41
0,2,6,577,2000-06-17 04:00:02
1,2,14,3045,2000-06-17 01:30:30
0,3,1,1310,2000-06-16 20:30:38
0,3,7,2398,2000-11-11 23:56:49
0,2,0,688,2000-06-16 01:52:20
0,2,17,688,2000-06-16 02:23:35
1,2,4,1978,2001-07-12 23:03:58
1,2,14,2102,2001-01-04 01:07:23
0,1,4,2802,2000-06-15 23:14:39
0,2,16,1416,2000-06-15 23:38:31
0,1,4,2823,2000-06-15 21:43:42
0,6,13,2291,2000-08-06 00:19:17
1,1,4,186,2000-06-15 17:08:03
0,4,1,1201,2001-02-08 02:22:39
0,2,0,327,2000-06-15 13:04:40
0,2,12,2743,2000-06-15 10:59:08
0,3,7,149,2000-06-15 05:05:35
1,0,0,617,2000-08-07 15:46:32
0,2,12,1409,2000-06-14 23:04:01
0,3,17,1469,2000-06-14 21:10:25
0,2,2,1994,2000-06-14 20:59:27
1,6,6,579,2000-06-14 06:06:02
1,3,9,2823,2001-10-11 20:41:17
0,2,5,1520,2000-06-14 01:55:39
0,6,7,2189,2000-06-14 01:33:13
0,2,0,2566,2000-06-13 23:38:55
1,6,1,386,2000-06-13 23:38:00
0,5,0,2028,2000-06-14 00:36:22
0,6,0,2503,2000-06-13 21:21:55
1,2,0,3291,2000-06-13 21:01:41
0,2,12,1123,2000-06-13 21:08:17
0,1,4,1149,2000-06-13 18:31:00
0,1,17,3103,2000-06-13 12:04:52
1,1,5,888,2000-06-13 05:32:00
1,5,7,1211,2000-06-13 01:09:17
1,2,4,1978,2000-06-12 22:51:25
1,2,0,2902,2000-06-21 22:20:26
0,3,14,1821,2002-12-09 14:58:15
0,1,4,1467,2000-06-13 05:26:59
1,6,13,3285,2000-06-12 11:00:21
0,6,7,2357,2000-06-12 01:22:05
1,2,9,619,2000-08-21 23:44:23
1,2,3,1773,2000-06-11 00:09:30
0,1,5,1143,2000-06-10 22:45:36
1,4,1,2013,2000-06-10 20:33:44
1,4,3,2649,2000-06-10 03:48:56
0,4,0,991,2000-06-10 03:05:58
1,1,20,477,2000-07-06 20:34:13
0,3,7,3383,2000-06-09 15:34:39
0,1,12,547,2000-06-09 09:34:17
0,3,13,3219,2000-06-09 04:47:27
0,6,13,2893,2000-06-09 02:22:51
1,2,17,2241,2000-06-08 23:58:27
0,2,12,3171,2000-06-08 20:35:23
0,2,4,2004,2000-06-21 20:15:47
0,1,12,1487,2000-06-08 15:18:08
0,3,7,2221,2000-06-30 21:55:48
0,2,0,3216,2000-06-08 00:52:11
1,1,3,430,2000-06-07 22:10:08
0,2,7,2023,2000-06-07 20:33:11
0,1,4,1185,2000-06-07 18:52:08
0,2,14,772,2000-06-13 23:42:55
0,1,4,887,2002-04-16 07:33:08
0,3,1,2727,2000-06-07 08:28:11
1,2,3,1791,2000-06-07 01:57:33
0,2,12,3134,2000-06-07 20:26:21
1,1,4,155,2000-06-07 00:52:37
0,2,7,1663,2000-06-06 23:48:20
0,5,1,552,2000-06-06 23:52:46
0,2,6,2925,2000-06-06 20:33:41
0,6,17,2794,2000-06-06 17:07:24
0,2,1,2492,2000-06-06 15:14:57
1,1,4,1013,2000-06-06 12:34:30
1,2,0,1999,2000-06-06 05:45:07
1,3,17,790,2000-06-06 02:51:47
0,4,1,2055,2000-06-06 01:45:42
1,4,2,2515,2000-06-06 01:44:40
1,0,19,1433,2001-10-21 01:46:45
0,0,10,1849,2000-06-06 07:11:39
1,2,7,2317,2000-08-09 18:41:38
1,2,5,928,2000-06-05 20:13:00
0,1,17,1492,2000-06-05 14:20:15
1,1,12,804,2000-06-05 06:10:51
0,3,17,777,2000-06-05 00:40:51
1,5,5,1858,2000-06-04 23:07:06
0,1,4,2402,2000-06-04 12:22:49
0,3,19,1587,2000-06-11 09:52:06
0,6,1,937,2000-06-04 01:36:42
0,4,18,508,2000-06-03 22:58:06
0,1,4,1647,2000-06-03 08:40:05
0,2,14,1187,2000-06-03 05:24:46
0,6,13,664,2000-07-02 18:19:29
1,4,2,1624,2000-06-03 04:29:56
0,2,7,1186,2000-06-03 00:32:08
1,1,4,494,2000-06-02 22:17:28
1,2,1,2307,2000-06-02 11:26:47
0,3,7,2856,2000-06-02 08:21:30
0,3,1,1706,2000-06-02 05:41:38
0,1,4,3387,2000-06-02 03:58:36
0,5,0,847,2000-06-02 02:59:03
0,2,17,2184,2000-06-02 01:51:46
1,2,0,33,2000-06-02 01:27:00
0,3,0,2287,2000-06-02 23:31:37
0,1,7,1663,2000-06-02 00:37:58
0,2,12,1571,2000-06-01 20:42:57
1,3,0,848,2000-06-01 20:26:40
0,3,1,2574,2000-06-01 20:07:59
0,3,7,779,2000-06-01 18:50:44
0,4,12,494,2000-07-03 05:42:09
0,4,17,3260,2003-02-22 22:42:08
0,2,0,1596,2000-06-01 05:33:22
0,2,17,2128,2000-06-02 03:21:27
0,1,7,1901,2000-06-01 03:42:50
1,3,17,2345,2000-06-16 02:40:13
1,1,4,2043,2000-06-01 01:10:53
0,2,7,925,2000-06-01 00:55:13
1,5,1,1346,2000-05-31 23:49:03
1,2,19,619,2000-05-31 21:34:48
1,3,20,1433,2000-05-31 21:36:37
1,2,9,2445,2000-06-04 03:20:17
1,2,4,1718,2000-05-31 03:30:07
1,1,14,1210,2000-05-31 23:41:59
0,4,7,2526,2000-05-31 01:40:23
0,2,20,3027,2000-05-31 01:23:43
0,1,4,2919,2000-05-30 23:28:57
0,3,1,1981,2000-05-30 21:22:32
1,0,10,2716,2000-05-30 20:40:49
0,1,4,411,2000-05-30 19:31:32
1,2,6,1164,2000-08-09 07:59:26
1,0,10,3098,2000-05-30 00:51:04
0,2,1,2091,2000-05-30 00:05:40
0,5,1,2937,2000-05-30 00:00:49
0,1,6,43,2000-05-29 21:22:27
1,5,2,1488,2000-05-29 17:16:39
0,4,16,1999,2000-06-04 02:23:58
1,6,1,2413,2000-05-29 05:30:31
0,3,1,1205,2000-05-28 20:07:11
0,6,7,763,2000-05-28 17:24:10
0,4,7,2204,2000-05-28 23:31:37
0,2,15,443,2000-07-13 08:11:28
0,1,14,2942,2000-05-28 05:25:53
1,5,9,828,2000-05-28 03:15:54
1,3,20,2924,2000-05-27 23:30:59
0,5,7,2450,2000-05-27 23:19:07
0,5,1,227,2000-05-27 00:39:17
1,3,17,2111,2000-05-27 00:17:27
1,3,1,1254,2000-05-30 20:36:23
1,2,7,2433,2000-05-26 21:33:27
0,4,20,2917,2000-05-26 19:58:58
1,2,4,2359,2000-05-26 04:01:44
0,5,1,373,2000-05-26 00:24:39
1,1,1,1678,2000-05-30 17:25:29
1,3,7,1034,2000-05-26 00:18:54
0,2,0,1663,2000-05-25 22:49:12
1,5,0,1663,2000-05-25 21:10:46
0,3,20,3291,2000-05-25 20:50:11
0,2,17,583,2000-05-25 22:30:08
1,2,20,407,2000-05-25 20:20:56
1,2,0,2421,2000-05-25 20:31:30
1,4,12,1791,2000-06-04 01:39:23
0,1,0,772,2000-09-25 03:19:49
0,3,1,3073,2000-05-25 02:53:41
0,3,0,929,2001-08-13 22:11:22
1,2,14,2395,2000-05-24 21:50:15
0,1,3,1227,2000-05-24 19:55:43
1,5,1,1151,2000-05-24 19:19:32
1,2,1,2814,2000-05-24 18:23:01
1,3,7,1419,2000-05-24 17:48:46
1,2,1,2429,2000-05-24 16:30:02
1,3,0,1514,2000-05-24 05:40:37
0,2,14,712,2000-05-24 03:35:48
1,1,4,812,2000-07-21 08:11:51
1,1,4,737,2000-05-24 01:18:46
0,3,15,702,2000-05-23 19:52:56
0,1,4,1647,2000-05-23 00:03:12
0,3,12,2664,2000-05-25 04:50:37
1,1,4,1709,2000-05-22 20:06:06
0,5,1,1750,2000-05-22 19:53:04
1,3,9,2905,2003-01-26 08:49:02
0,0,10,1332,2000-10-31 01:14:28
1,1,4,2028,2000-05-22 05:58:42
0,3,17,3144,2000-05-22 02:02:53
0,0,10,865,2000-05-21 19:07:34
1,1,4,308,2000-12-21 04:33:25
1,2,6,1745,2000-05-20 23:12:04
0,2,15,2987,2000-05-20 18:31:40
0,2,2,1227,2000-05-20 02:25:54
0,0,10,724,2000-05-21 21:33:49
0,1,4,1365,2000-05-19 21:11:13
0,1,16,1067,2000-05-19 21:08:16
1,2,3,1752,2000-06-22 21:41:51
0,6,1,1647,2000-05-19 17:35:48
0,1,4,2632,2000-05-19 09:16:10
1,2,4,2232,2000-05-19 00:49:19
1,3,1,1277,2000-05-18 22:57:42
0,3,7,2345,2000-05-19 00:06:39
1,2,7,3231,2000-05-18 03:19:45
0,2,17,1791,2000-05-18 02:03:02
1,0,0,1602,2000-05-18 01:37:38
0,1,4,2060,2000-05-18 00:40:02
1,2,7,788,2000-05-18 22:37:17
1,2,4,177,2000-05-17 23:44:07
1,2,12,2379,2000-05-17 23:41:59
1,3,3,1820,2000-05-17 22:40:58
1,2,14,1903,2000-05-17 22:07:51
0,2,0,2939,2000-05-17 22:05:39
1,1,14,1416,2000-05-17 21:39:43
0,6,1,3019,2000-05-17 18:09:24
1,1,4,1647,2000-05-17 10:38:56
0,2,15,177,2000-05-17 02:28:32
0,2,7,3324,2000-05-17 00:58:02
0,3,1,1647,2000-05-17 00:32:23
1,5,7,107,2000-05-17 00:25:14
0,3,2,1614,2000-05-25 06:11:56
0,1,4,1647,2000-05-18 04:54:45
0,6,7,2643,2000-05-16 22:21:01
0,4,11,2174,2000-05-16 21:59:07
0,2,15,2498,2000-05-22 23:11:18
0,1,2,1524,2000-05-16 20:06:58
0,2,4,2567,2000-05-16 18:55:54
0,1,10,360,2000-05-16 07:50:30
0,1,0,708,2000-05-16 04:56:10
1,2,11,3336,2000-05-21 03:42:33
1,2,11,1947,2000-05-16 02:44:56
0,2,6,623,2000-05-17 00:08:10
0,4,15,2048,2001-07-24 16:25:00
0,2,7,2459,2000-07-05 07:34:37
0,2,1,186,2000-05-15 19:01:10
0,5,13,1240,2000-05-15 17:30:24
1,2,12,226,2000-08-01 00:05:04
1,3,0,2945,2000-05-15 16:32:55
1,1,4,1647,2000-05-15 07:42:05
0,1,15,2564,2000-05-15 04:47:00
0,2,0,1425,2000-08-06 23:34:10
1,0,0,544,2000-05-14 16:07:36
0,1,17,1926,2000-05-14 05:55:24
1,0,10,2833,2000-05-14 01:59:21
0,1,12,2004,2000-05-13 23:42:52
1,5,12,2539,2000-05-13 07:09:39
0,6,14,1401,2000-05-13 03:41:47
1,0,7,3187,2000-05-13 02:59:35
0,3,7,1770,2000-05-13 01:10:25
0,2,6,1091,2000-05-30 02:12:38
0,1,4,3225,2000-05-13 00:22:25
0,3,12,436,2000-05-12 22:02:41
0,2,2,261,2000-05-12 20:39:16
1,4,1,1909,2000-05-12 20:27:18
0,1,10,3068,2000-05-17 19:53:06
0,2,17,2907,2000-05-12 06:01:06
1,3,0,217,2000-05-12 03:38:54
0,2,2,1249,2000-05-11 22:16:17
1,2,7,2870,2000-05-11 19:10:09
0,2,5,340,2000-05-11 17:20:06
0,3,18,1873,2000-05-11 06:21:10
1,2,0,1958,2000-05-11 02:49:52
0,0,10,2986,2000-05-11 01:36:31
1,3,7,2345,2000-05-11 00:11:55
0,3,7,2203,2000-05-10 22:05:06
1,2,7,2787,2000-05-10 21:28:11
0,5,16,1695,2000-05-10 09:12:27
0,2,7,1791,2000-05-10 03:29:07
0,2,0,1317,2000-05-10 02:43:03
0,2,20,10,2000-05-10 02:51:03
0,2,0,1074,2000-05-10 02:33:47
0,2,17,256,2000-05-10 02:19:52
0,2,4,335,2000-05-10 01:04:31
0,5,6,103,2000-05-10 00:11:28
0,4,0,3341,2000-05-09 23:55:37
0,2,15,2267,2001-01-11 22:24:16
1,3,4,2551,2000-05-09 22:59:54
0,2,17,10,2000-05-09 20:35:40
1,2,4,142,2000-05-09 20:49:06
1,1,4,3241,2000-05-09 20:06:08
1,2,0,2834,2000-05-09 18:49:21
1,3,0,2347,2000-05-09 17:07:08
0,6,16,1909,2000-05-09 09:29:40
1,3,0,2503,2000-05-09 07:12:44
0,2,0,3286,2000-05-09 07:08:12
0,2,1,384,2000-05-09 04:54:30
0,2,4,888,2000-05-08 23:31:25
1,0,10,3216,2000-07-18 23:34:16
0,4,16,179,2000-06-11 02:58:19
0,3,17,2735,2000-05-08 09:26:40
1,2,7,2160,2000-05-08 08:47:42
0,5,7,2970,2000-05-08 00:17:31
1,2,7,2662,2000-05-08 00:17:36
0,2,7,1559,2000-05-07 11:57:21
1,2,4,2605,2000-05-19 05:09:00
1,2,14,755,2000-05-07 05:26:29
1,5,1,1309,2000-05-30 02:33:38
1,2,6,1223,2000-05-07 00:49:36
1,4,3,1206,2000-05-06 09:28:45
0,3,14,3044,2000-05-06 03:55:15
1,2,7,404,2001-08-31 19:25:07
0,2,14,3177,2000-05-06 03:35:35
0,1,12,3070,2000-05-06 01:00:35
0,5,7,35,2000-05-05 21:51:44
0,1,12,3202,2000-05-05 21:38:23
0,3,7,743,2000-05-05 20:11:59
0,3,7,2093,2000-05-05 23:32:54
1,1,0,3202,2000-05-05 17:06:15
0,1,4,2268,2000-05-05 06:26:30
1,3,20,549,2000-05-05 03:20:21
0,1,4,3221,2001-02-09 02:23:44
0,2,1,3053,2000-05-04 21:03:08
0,2,20,1380,2000-05-04 17:55:03
1,1,0,3387,2000-05-22 23:17:50
0,3,17,736,2000-05-04 16:02:21
1,3,7,1069,2000-05-24 01:44:12
0,5,16,1941,2001-12-21 03:04:51
0,2,11,2361,2000-05-04 21:43:12
1,4,12,2257,2000-05-03 22:09:34
0,2,2,2489,2000-05-03 21:38:36
0,1,20,3308,2000-05-03 20:00:31
1,1,0,68,2000-05-03 15:45:29
0,3,2,1841,2000-05-03 08:50:10
0,2,12,2721,2001-02-21 23:39:20
0,1,0,1162,2000-05-03 03:11:46
0,2,6,958,2000-05-03 00:55:52
0,2,7,1101,2002-03-15 20:36:45
1,5,7,3165,2000-05-02 17:42:47
0,4,1,1569,2000-05-02 15:20:34
1,3,17,970,2000-05-02 05:24:34
1,1,7,708,2000-05-02 03:29:02
0,1,14,1565,2000-05-02 02:49:57
0,2,2,18,2000-05-02 01:38:56
0,2,14,1842,2000-05-02 01:08:09
0,1,0,401,2000-05-02 00:54:05
0,1,4,1338,2000-05-01 23:59:13
0,5,12,141,2000-05-01 22:53:21
1,2,0,407,2000-05-02 00:41:55
1,4,1,948,2000-05-01 20:41:20
1,1,10,776,2000-05-01 19:30:33
1,3,2,3142,2000-05-01 19:47:52
1,6,1,2503,2000-05-01 18:38:26
0,1,4,1774,2000-05-01 08:56:01
0,0,10,1001,2000-05-01 04:19:24
1,1,4,1433,2000-04-30 01:04:03
0,3,7,2261,2000-04-29 18:00:34
0,2,17,3321,2000-04-29 05:31:07
1,3,9,3070,2001-01-07 05:52:49
0,5,16,447,2000-04-29 03:42:22
0,6,7,2924,2000-04-29 02:19:30
0,4,13,227,2000-06-22 02:15:26
0,3,11,2405,2000-04-29 01:14:00
0,0,10,3006,2000-04-28 22:37:56
0,2,14,1149,2000-04-28 21:33:44
0,3,1,1659,2000-04-29 20:21:52
0,2,1,2993,2000-04-28 19:05:30
0,2,3,203,2000-04-28 15:51:45
0,2,1,3211,2000-04-28 10:46:11
1,1,4,322,2000-12-31 10:47:50
0,2,16,2870,2000-11-04 00:17:02
0,2,15,2839,2000-06-02 22:38:45
1,0,10,2790,2000-05-08 06:35:05
1,3,20,847,2002-01-13 04:24:28
1,1,4,2395,2000-04-27 23:40:44
1,5,20,1340,2000-04-27 22:31:09
0,3,1,2652,2000-04-27 21:10:34
1,2,7,1663,2000-07-18 17:21:27
1,2,1,1428,2000-04-27 17:42:14
1,2,15,28,2000-04-27 03:48:51
1,2,5,28,2000-04-27 03:26:30
0,1,4,322,2000-04-27 01:48:22
1,2,12,739,2000-04-27 01:33:05
0,3,15,2661,2000-04-26 23:26:58
1,2,9,2021,2000-04-26 23:02:12
1,3,7,787,2000-04-26 18:41:10
0,2,0,896,2000-04-26 18:00:44
0,5,16,3148,2000-04-26 17:07:35
0,2,17,2792,2000-04-26 16:38:27
0,2,12,959,2000-04-27 14:56:19
0,3,6,2059,2000-04-26 08:27:35
0,1,4,655,2000-04-26 08:29:13
0,1,4,920,2001-03-26 01:43:11
1,2,1,16,2000-04-26 07:09:13
1,1,0,3007,2000-04-26 06:09:49
0,5,13,2662,2000-04-26 04:55:12
0,2,14,1791,2000-04-26 04:26:28
1,6,1,394,2000-04-26 05:46:44
